match_id,team_name,season,team_id,midfield_interceptions_total,midfield_interceptions_per_possession,midfield_interception_success_rate,midfield_interceptions_central,midfield_interceptions_wide,midfield_interceptions_progressive,midfield_interception_time_to_event,midfield_recoveries_total,midfield_recovery_rate,midfield_recovery_success_rate,midfield_recoveries_after_pressure,midfield_recovery_locations_x,midfield_recovery_locations_y,midfield_recovery_time_to_event,midfield_duels_total,midfield_duel_win_rate,midfield_aerial_duels_won,midfield_ground_duels_won,midfield_duels_under_pressure,midfield_duel_locations_x_mean,midfield_duel_locations_x_std,midfield_duel_locations_y_mean,midfield_duel_locations_y_std,midfield_pressure_events_total,midfield_pressure_rate,midfield_pressure_in_first_5s,midfield_pressure_in_first_10s,midfield_time_to_first_pressure,midfield_pressure_zone_left,midfield_pressure_zone_center,midfield_pressure_zone_right,midfield_pressure_on_passes,midfield_pressure_on_receipts,midfield_reaction_time,midfield_pressing_intensity,midfield_immediate_pressure_rate,midfield_pressure_persistence,midfield_defensive_width,midfield_defensive_depth,midfield_compactness_index,midfield_central_concentration,midfield_player_density,midfield_left_zone_coverage,midfield_central_zone_coverage,midfield_right_zone_coverage,midfield_zone_balance,midfield_coverage_gaps_count,midfield_defensive_actions_x_mean,midfield_defensive_actions_x_std,midfield_defensive_actions_y_mean,midfield_defensive_actions_y_std,midfield_defensive_actions_clustering,passes_allowed_midfield_total,passes_intercepted_midfield,pass_completion_rate_allowed_midfield,passes_allowed_forward,passes_allowed_backward,passes_allowed_lateral,average_pass_length_allowed,long_passes_allowed_midfield,passes_before_interception,consecutive_passes_allowed_midfield,pass_sequence_length_allowed,pass_chain_break_rate,passes_allowed_left_to_right,passes_allowed_right_to_left,passes_allowed_center_to_wide,passes_allowed_wide_to_center,passes_allowed_defensive_to_final,carries_allowed_midfield_total,carries_interrupted_midfield,carry_distance_allowed,carries_entering_midfield,carries_exiting_midfield,carries_through_midfield,carry_progression_allowed,carries_forward_allowed,carries_lateral_allowed,carries_central_lane,carries_wide_areas,midfield_transition_recoveries,midfield_counter_press_events,midfield_transition_to_attack,midfield_recovery_location_quality,possession_won_midfield,possession_lost_midfield,midfield_possession_win_rate,midfield_turnover_rate,midfield_action_timing_mean,midfield_action_timing_std,midfield_early_interventions,midfield_late_interventions,midfield_sustained_pressure_duration,opponent_possession_duration_midfield,possession_termination_rate,time_to_possession_end,defensive_to_midfield_passes_allowed,defensive_to_midfield_carries_allowed,defensive_to_midfield_prevention_rate,defensive_to_midfield_interception_rate,midfield_to_final_passes_allowed,midfield_to_final_carries_allowed,midfield_to_final_prevention_rate,midfield_to_final_interception_rate,bypass_attempts_total,bypass_prevention_rate,midfielder_interceptions_per_player,midfielder_recoveries_per_player,midfielder_pressures_per_player,midfielder_duel_win_rate_per_player,midfielder_zone_coverage,formation_type,midfield_player_count,midfield_width_utilization,midfield_depth_utilization,midfield_strength_index,bypass_risk_score,bypass_risk_factors,defensive_action_efficiency,pressure_to_interception_ratio,recovery_quality_score,score_differential,match_minute,period,home_away,time_since_last_goal,play_pattern_regular,play_pattern_set_piece,play_pattern_transition,play_pattern_counter_attack
18242,Barcelona,2014/2015,217,1.0,0.011627906976744186,0.0,0.0,1.0,0.0,8.336,18.0,0.18559890015466574,0.9444444444444444,3.0,62.833333333333336,42.111111111111114,13.3420625,10.0,0.2,0.0,0.0,10.0,50.9,8.372574275573792,54.7,19.97248106770914,93,0.9589276507991064,37,50,7.861333333333333,32,27,34,18,8,6.333961661341854,0.49000000000000005,0.1407035175879397,4.983717948717949,0.68,1.96,0.34693877551020413,0.06896551724137931,1.16,13,2,16,6.018490028422597,0,58.55172413793103,12.523082136874155,45.86206896551724,22.685306978512756,0.17554457353193018,184,25,0.0,123,57,90,18.742126701086956,70,5.0,4.3604651162790695,4.695121951219512,0.5232558139534884,83,96,20,22,0,152,16,5.817959897143293,0,14,0,3.0789473684210527,78,33,21,131,13,21,7.1562222222222225,62.833333333333336,52,13,0.08333333333333333,0.06976744186046512,15.374582278481007,18.57320278959672,20,38,13.420166666666669,45.65213953488373,0.20930232558139536,59.92915000000001,49,8,0.0,0.0,37,14,0.0,0.0,25,0.7093023255813953,{},{},{},{},{},41221.0,0,23.600510221818517,62.74684684684685,0.18654822075493746,0.0,[],3.5175879396984926,0.010752688172043012,62.833333333333336,,39.35640138408304,1,,4.552,1335,1612,0,0
265835,Barcelona,2014/2015,217,3.0,0.03333333333333333,0.0,1.0,2.0,0.0,7.739666666666667,18.0,0.19358307940491126,0.8888888888888888,8.0,57.47222222222222,36.68888888888889,13.064055555555557,11.0,0.09090909090909091,0.0,0.0,11.0,61.67272727272727,10.08197311135979,53.83636363636364,25.178056824436343,157,1.688474637031726,56,94,6.841813953488372,56,48,53,42,14,5.458401098901099,0.6348484848484848,0.15519765739385066,6.572348837209302,0.4361111111111111,0.7222222222222222,0.6038461538461538,0.05263157894736842,1.0555555555555556,16,2,22,8.379870059984357,0,58.41052631578947,11.774888292892616,44.86842105263158,24.329496115278026,0.16792346424272833,185,29,0.0,104,81,94,19.521075604864865,67,5.75,3.522222222222222,4.048192771084337,0.9666666666666667,89,95,19,14,0,167,17,6.79873763683053,0,16,0,3.7029940119760485,87,67,21,146,14,17,8.2365,57.47222222222222,45,8,0.041666666666666664,0.05555555555555555,12.07626851851852,12.533004183478239,30,48,10.037875,13.220833333333333,0.36666666666666664,13.193803030303028,47,10,0.017543859649122806,0.017543859649122806,23,16,0.0,0.0,29,0.6777777777777778,{},{},{},{},{},433.0,0,22.337434408116582,62.4845932325414,0.19989766851788623,0.0,[],3.22108345534407,0.01910828025477707,57.47222222222222,,43.16836262719704,1,,440.81213267326734,1938,2091,0,0
265866,Barcelona,2014/2015,217,2.0,0.0273972602739726,0.0,0.0,2.0,0.0,17.606,20.0,0.21743069396629824,0.95,5.0,59.92,40.905,21.289736842105263,13.0,0.15384615384615385,0.0,0.0,13.0,58.138461538461534,13.873328035090598,42.26153846153846,19.818995032608594,110,1.1958688168146403,30,69,5.370645161290323,38,25,47,20,19,4.646264573991031,0.508,0.13551401869158877,5.085451612903227,4.245945945945945,2.5459459459459457,1.667728237791932,0.06382978723404255,1.2702702702702702,23,3,24,9.672412085697939,0,57.07659574468084,12.249280595840462,40.44893617021277,20.235707487985575,0.2626136931382021,119,21,0.0,74,44,52,17.54621201932773,32,6.0,3.5753424657534247,3.7083333333333335,0.8082191780821918,62,56,14,5,0,92,10,6.169570839903891,0,7,0,2.4543478260869573,41,36,12,80,12,15,10.52865,59.92,35,6,0.09523809523809523,0.0821917808219178,16.393354166666665,18.880380981314065,19,43,13.010083333333334,11.951369863013698,0.3287671232876712,11.693939999999998,42,8,0.0,0.0,24,7,0.0,0.0,23,0.6849315068493151,{},{},{},{},{},433.0,0,20.268563875989017,62.79038317054846,0.20635149658624566,0.0,[],5.607476635514018,0.01818181818181818,59.92,,43.48421645997745,1,,167.78613636363636,1708,1658,0,0
265896,Barcelona,2014/2015,217,6.0,0.058823529411764705,0.16666666666666666,1.0,5.0,0.0,9.096,19.0,0.20216350416740556,0.8947368421052632,7.0,58.268421052631574,29.205263157894734,9.5904375,12.0,0.08333333333333333,0.0,0.0,12.0,65.60833333333333,10.297877833747489,35.48333333333333,26.198016348686792,110,1.1704202872849796,57,91,4.335820512820513,54,12,44,15,20,5.048016216216216,0.46585365853658534,0.26961770623742454,2.2981282051282053,1.784615384615385,1.2384615384615383,1.4409937888198763,0.08163265306122448,1.2564102564102564,31,4,18,11.025223605694151,1,59.228571428571435,11.187902692938774,32.01632653061225,23.615022998601756,0.2523422250678818,147,39,0.0,81,66,66,20.400252721088435,58,7.0,2.450980392156863,2.649484536082474,1.0,76,69,12,9,0,99,9,4.2820298927147915,0,7,0,1.6575757575757577,45,35,12,87,12,23,10.928368421052632,58.268421052631574,45,11,0.03225806451612903,0.00980392156862745,13.817489130434783,20.346880125920475,26,32,7.156533333333334,7.6816764705882346,0.47058823529411764,6.5352804878048785,51,11,0.0,0.0,26,7,0.0,0.0,28,0.7254901960784313,{},{},{},{},{},433.0,0,22.22266714489641,62.764566929133856,0.21440956889343654,0.0,[],5.23138832997988,0.05454545454545454,58.268421052631574,,43.302132701421804,1,,557.4328776435045,1616,1861,0,0
265963,Barcelona,2014/2015,217,2.0,0.022727272727272728,0.5,0.0,2.0,0.0,25.1155,22.0,0.24180252793551932,0.9545454545454546,9.0,59.23636363636364,36.290909090909096,14.429499999999999,11.0,0.2727272727272727,0.0,0.0,11.0,60.86363636363637,10.706378727401036,39.68181818181818,28.885076360702882,102,1.1210844477010442,50,70,87.48115151515154,45,20,37,16,12,3.4641428571428574,0.5728813559322034,0.1551094890510949,2.844484848484848,5.44,3.433333333333333,1.584466019417476,0.1282051282051282,1.3,24,5,15,7.760297817881877,0,59.305128205128206,12.397961392650696,36.2076923076923,23.756687530654396,0.23039196795799716,153,26,0.0,89,60,87,16.090649773856214,35,3.6666666666666665,3.215909090909091,3.4878048780487805,0.9886363636363636,73,79,18,12,0,128,18,4.382895546241373,0,5,0,2.0875000000000004,60,49,12,116,9,18,8.872863636363634,59.23636363636364,28,5,0.15,0.06818181818181818,48.79573170731708,294.49806141446714,21,36,8.23688888888889,40.40085227272728,0.3522727272727273,10.112457627118642,39,6,0.0,0.0,27,5,0.0,0.0,22,0.75,{},{},{},{},{},433.0,0,24.06985810695463,63.19263005780346,0.2051303177763032,0.0,[],4.927007299270073,0.0196078431372549,59.23636363636364,,45.14029850746269,2,,1373.5386037433154,2259,1312,0,0
266045,Barcelona,2014/2015,217,1.0,0.011363636363636364,0.0,0.0,1.0,0.0,8.103,24.0,0.25536442631672285,0.9583333333333334,12.0,58.07916666666667,40.79583333333334,13.547049999999999,14.0,0.07142857142857142,0.0,0.0,14.0,56.58571428571429,10.299354508740015,37.75,28.465654068341053,170,1.8088313530767866,67,107,6.000047619047619,62,37,71,37,38,4.332190812720847,0.5333333333333334,0.1625,5.704690476190477,5.121052631578947,2.2236842105263164,2.302958579881656,0.08163265306122448,1.2894736842105263,26,4,23,9.741092797468305,0,56.300000000000004,10.88266970922117,40.06530612244898,26.928907570214765,0.3310137491493608,161,33,0.0,109,51,74,20.36390528695652,62,3.25,3.7954545454545454,3.896551724137931,0.8409090909090909,81,80,15,13,0,110,12,5.716716211302211,0,9,0,1.4436363636363632,55,39,12,98,11,32,5.536125000000001,58.07916666666667,34,6,0.03125,0.06818181818181818,13.932725806451613,17.80181618060482,35,55,12.806733333333334,12.637522727272726,0.3409090909090909,12.735181818181815,50,7,0.0,0.0,38,9,0.0,0.0,20,0.7727272727272727,{},{},{},{},{},433.0,0,22.75814560657274,60.419227392449514,0.23112887515710095,0.0,[],4.642857142857143,0.0058823529411764705,58.07916666666667,,47.59337521416334,2,,243.58463503649637,1412,1909,0,0
266117,Barcelona,2014/2015,217,3.0,0.03260869565217391,0.0,1.0,2.0,0.0,7.721,18.0,0.19358307940491126,0.9444444444444444,4.0,62.588888888888896,51.19444444444445,14.835235294117647,16.0,0.1875,0.0,0.0,16.0,61.75,11.491504108108158,40.118750000000006,25.27075302268085,121,1.3013084782219035,40,76,6.113333333333333,34,24,63,14,14,4.261066901408451,0.4642857142857143,0.1396551724137931,3.8175000000000003,2.7228571428571424,1.957142857142857,1.3912408759124086,0.13953488372093023,1.2285714285714286,20,6,23,7.408703590297623,0,61.35581395348838,12.320430232237012,43.151162790697676,24.614778488629483,0.24202542844878355,150,18,0.0,81,69,65,21.506557465333334,62,1.5,3.5217391304347827,3.839080459770115,1.0,64,86,14,8,0,126,17,6.924527599876033,0,11,0,2.0746031746031752,65,49,7,119,10,19,2.6801666666666666,62.588888888888896,28,3,0.125,0.08695652173913043,11.550828571428571,13.420210184612747,21,38,10.08855172413793,13.669521739130435,0.358695652173913,12.972771428571427,71,10,0.0,0.0,27,11,0.07894736842105263,0.07894736842105263,32,0.6521739130434783,{},{},{},{},{},433.0,0,21.81977260595326,64.10463045414069,0.19134370314842578,0.0,[],4.137931034482759,0.024793388429752067,62.588888888888896,,47.77091988130564,2,,324.4413431085044,1527,1960,0,0
266142,Barcelona,2014/2015,217,4.0,0.04819277108433735,0.25,2.0,2.0,0.0,5.48175,20.0,0.21280368859726903,0.95,9.0,62.665,31.605,16.792117647058824,14.0,0.14285714285714285,0.0,0.0,14.0,61.01428571428571,7.055805808296854,37.60000000000001,20.639133851832206,114,1.2129810250044335,36,58,7.763756097560975,36,41,37,14,17,5.7428031914893625,0.425,0.173828125,4.443317073170731,4.456756756756757,2.4513513513513514,1.8180815876515988,0.11764705882352941,1.3783783783783783,31,6,20,10.23067283548187,0,60.83529411764706,10.393802452027108,35.484313725490196,22.798196179075394,0.2574974401266152,141,32,0.0,91,48,63,17.73019919177305,45,3.75,3.819277108433735,4.0875,0.9518072289156626,61,78,15,12,0,119,16,7.2444704852063175,0,19,0,4.23109243697479,74,45,15,104,7,35,8.47085,62.665,48,12,0.05555555555555555,0.03614457831325301,16.32158823529412,18.96896049140721,21,51,10.783964285714285,13.442590361445783,0.37349397590361444,11.718703125000001,45,9,0.0,0.0,25,19,0.0,0.0,22,0.7349397590361446,{},{},{},{},{},433.0,0,22.243271032673945,62.475870646766175,0.21444508275035626,0.0,[],5.078125,0.03508771929824561,62.665,,40.1624046657694,1,,247.73253398058253,1881,1665,0,0
266148,Barcelona,2014/2015,217,6.0,0.06976744186046512,0.16666666666666666,3.0,3.0,0.0,9.846,22.0,0.2316195823828742,0.9545454545454546,8.0,61.13181818181818,39.39545454545454,12.253619047619049,13.0,0.23076923076923078,0.0,0.0,13.0,60.807692307692314,10.76827605658256,50.50769230769231,21.997138508544758,122,1.2844358659413933,53,86,4.986804878048781,34,17,71,31,7,2.3766232876712325,0.4914285714285716,0.1456953642384106,2.799756097560975,1.6906976744186046,1.809302325581395,0.9344473007712084,0.038461538461538464,1.2093023255813953,23,2,29,11.575836902790225,1,60.20384615384616,11.23193908037606,43.46538461538463,23.792797432271218,0.2398845639300213,119,49,0.0,91,27,44,19.18226185714286,42,3.1666666666666665,2.813953488372093,3.0843373493975905,0.5465116279069767,61,56,6,3,0,85,21,7.113316008929733,0,7,0,4.46235294117647,44,35,10,75,11,18,10.208590909090908,61.13181818181818,39,4,0.08571428571428572,0.08139534883720931,40.58594505494506,280.49598635068406,18,38,7.654000000000001,11.834139534883722,0.38372093023255816,9.608871428571428,55,11,0.0,0.0,31,7,0.0,0.0,34,0.6046511627906976,{},{},{},{},{},433.0,0,22.760430241425023,62.7766,0.2040623553406669,0.0,[],6.843267108167771,0.04918032786885246,61.13181818181818,,45.51593220338983,2,,1162.342014527845,1519,1829,0,0
266230,Barcelona,2014/2015,217,12.0,0.14634146341463414,0.3333333333333333,4.0,8.0,0.0,27.263999999999996,19.0,0.20433769492740633,0.8947368421052632,11.0,61.88947368421053,37.568421052631585,18.794999999999998,11.0,0.36363636363636365,0.0,0.0,11.0,54.872727272727275,10.450558923721822,40.809090909090905,23.49338011208496,176,1.8928123319591323,39,92,8.043772727272726,54,81,41,47,25,3.5022507739938082,0.49508196721311476,0.11073825503355705,5.9908636363636365,4.800000000000001,3.1142857142857143,1.541284403669725,0.08888888888888889,1.2857142857142858,24,4,21,8.806563209081938,0,60.49555555555556,11.959210135736686,36.34888888888889,23.2104563252919,0.22953633776664728,158,33,0.0,104,53,80,20.787778785443038,70,6.0,4.219512195121951,4.432098765432099,1.0,76,81,20,13,0,132,16,7.298297155433019,0,12,0,3.126515151515152,78,46,23,109,9,24,15.959052631578947,61.88947368421053,34,9,0.18181818181818182,0.07317073170731707,17.030806722689075,18.553029179510098,21,57,12.897842105263159,16.867597560975614,0.32926829268292684,15.769950819672127,66,8,0.013513513513513514,0.013513513513513514,35,12,0.0425531914893617,0.0425531914893617,34,0.5853658536585367,{},{},{},{},{},433.0,0,22.158752443768055,60.86737588652483,0.22317002622645138,0.0,[],5.87248322147651,0.06818181818181818,61.88947368421053,,41.280598610368784,1,,896.1089550847458,2059,1391,0,0
266240,Barcelona,2014/2015,217,0.0,0.0,0.0,0.0,0.0,0.0,,21.0,0.22344387302713248,1.0,10.0,57.14761904761903,32.20952380952381,19.83405882352941,12.0,0.08333333333333333,0.0,0.0,12.0,60.224999999999994,9.2906722528077,33.833333333333336,29.23980267727641,88,0.9363362298279837,41,64,5.895685714285714,39,23,26,10,9,3.2306699029126222,0.36428571428571427,0.13157894736842105,2.329142857142857,6.207142857142856,4.421428571428572,1.403877221324717,0.07142857142857142,1.5,25,3,17,9.092121131323903,0,58.75714285714285,11.793159299855871,38.37857142857143,26.38063347040119,0.2599814195985898,78,21,0.0,56,22,29,21.868076487179486,30,1.5,2.7738095238095237,3.0641025641025643,0.5357142857142857,39,39,5,5,0,60,12,7.578742149125585,0,9,0,3.940000000000001,36,21,4,56,9,25,8.226714285714287,57.14761904761903,37,8,0.05263157894736842,0.047619047619047616,16.764256756756755,22.388531144593973,17,35,7.963619047619047,10.17922619047619,0.35714285714285715,8.069214285714285,46,7,0.0,0.0,25,9,0.0,0.0,26,0.6904761904761905,{},{},{},{},{},433.0,0,22.629045989344547,62.042882249560634,0.20740529751798853,0.0,[],7.236842105263158,0.0,57.14761904761903,,44.713245033112585,2,,,1250,2051,0,0
266320,Barcelona,2014/2015,217,,,,,,,,,,,,,,,,,,,,,,,,108,1.1614984764294676,55,78,5.6054736842105255,37,33,38,16,13,4.576152317880795,0.5140350877192983,0.17274939172749393,3.201526315789474,3.5519230769230767,1.9134615384615385,1.8562814070351756,0.13636363636363635,1.2692307692307692,43,9,23,13.9522996909709,0,58.99393939393939,11.446556469596215,33.52121212121212,21.52437269809785,0.2522086907441165,108,27,0.0,70,37,49,16.42099997314815,28,3.5,3.103896103896104,3.1866666666666665,0.7792207792207793,53,54,8,6,0,86,18,5.59316671383054,0,10,0,3.2755813953488366,58,30,10,76,18,25,6.1605,60.528125,38,9,0.13793103448275862,0.07792207792207792,44.22772380952381,266.22581898865644,30,46,7.851368421052631,9.081883116883116,0.4025974025974026,7.115631578947369,41,6,0.0,0.0,27,10,0.02702702702702703,0.02702702702702703,24,0.6883116883116883,{},{},{},{},{},433.0,0,20.755583813291633,64.39986987638257,0.21835115254163512,0.0,[],9.48905109489051,0.027777777777777776,60.528125,,44.93118811881188,1,,334.009526627219,2253,1704,0,0
266406,Barcelona,2014/2015,217,4.0,0.05,0.25,1.0,3.0,0.0,5.0105,23.0,0.24472424188685937,0.9130434782608695,11.0,59.08260869565219,43.29130434782609,11.976952380952381,13.0,0.38461538461538464,0.0,0.0,13.0,64.83846153846154,11.286536113258904,45.96923076923077,23.62147273899268,87,0.9256960453981202,23,48,7.86569696969697,25,28,34,18,11,4.499650537634409,0.4555555555555556,0.13082039911308205,4.127212121212121,4.338888888888889,1.780555555555556,2.436817472698907,0.17391304347826086,1.2777777777777777,19,8,27,7.788880963698615,0,60.83260869565217,11.975049141125357,43.06304347826087,22.726317184128696,0.20101322669841845,130,29,0.0,95,35,69,21.57744564230769,52,2.6666666666666665,3.225,3.486842105263158,0.9375,68,61,17,13,0,91,9,4.373620721371209,0,7,0,1.1835164835164833,38,25,19,72,17,29,13.275999999999998,59.08260869565219,31,5,0.2631578947368421,0.075,11.432957446808508,13.387472823275267,23,35,8.906400000000001,46.399225,0.4125,9.344190476190475,51,5,0.0,0.0,33,7,0.0,0.0,29,0.6375,{},{},{},{},{},433.0,0,22.640782090096405,63.41951640759931,0.19219652266170756,0.0,[],7.095343680709535,0.04597701149425287,59.08260869565219,,45.529841656516446,2,,376.5871554252199,1814,1526,0,0
266525,Barcelona,2014/2015,217,3.0,0.03409090909090909,0.3333333333333333,0.0,3.0,0.0,13.460666666666668,12.0,0.12768221315836142,1.0,6.0,56.41666666666668,35.06666666666666,12.997749999999998,27.0,0.14814814814814814,0.0,0.0,27.0,57.274074074074086,10.653045523106474,47.95555555555556,22.26842078151399,153,1.627948217769108,61,116,4.152956521739129,49,49,55,24,18,5.466562300319489,0.6621212121212121,0.1437403400309119,6.750739130434782,2.3594594594594596,1.4378378378378371,1.6409774436090234,0.1836734693877551,1.3243243243243243,24,9,25,7.318166133366716,1,57.351020408163265,10.669917260866717,42.41224489795918,21.58868948327902,0.25146843620772197,191,30,0.0,117,72,99,19.26202316910995,71,3.0,3.909090909090909,4.144578313253012,1.0,99,90,26,19,0,128,17,7.124422146913833,0,7,0,3.039843749999999,69,50,14,114,8,32,13.441,56.41666666666668,27,12,0.10256410256410256,0.09090909090909091,11.756065573770492,13.47210210436568,28,37,11.205193548387097,14.039284090909092,0.2727272727272727,14.900151515151517,46,8,0.0,0.0,44,7,0.0196078431372549,0.0196078431372549,29,0.6704545454545454,{},{},{},{},{},433.0,0,21.829714246599867,60.394479004665634,0.19636045792219448,0.0,[],2.936630602782071,0.0196078431372549,56.41666666666668,,46.42089985486212,2,,,1498,1913,0,0
266531,Barcelona,2014/2015,217,1.0,0.011494252873563218,1.0,0.0,1.0,0.0,23.139,17.0,0.18088313530767866,0.8235294117647058,4.0,59.38823529411764,34.11764705882353,2.2825333333333333,14.0,0.21428571428571427,0.0,0.0,14.0,61.87857142857144,13.88785737317252,41.15,21.599884258949167,136,1.4470650824614293,64,99,63.073173913043476,29,50,57,24,19,3.8983039999999995,0.5764705882352942,0.18664383561643835,4.205586956521739,0.8833333333333334,0.9300000000000004,0.9498207885304657,0.05555555555555555,1.2,23,2,13,8.576453553512405,0,59.33333333333334,13.156638737046132,36.06111111111111,22.01872291324269,0.22148737240744412,164,32,0.0,103,61,93,20.944163336585365,67,6.0,3.471264367816092,3.682926829268293,0.7471264367816092,80,83,17,11,0,128,12,5.702062217401673,0,6,0,2.44375,68,52,10,118,14,13,15.686000000000002,59.38823529411764,47,4,0.1111111111111111,0.05747126436781609,118.80033333333334,535.8782666746843,39,26,7.927111111111111,43.72780459770115,0.41379310344827586,11.366220588235294,50,14,0.015625,0.015625,38,6,0.0,0.0,22,0.7471264367816092,{},{},{},{},{},433.0,0,23.1872471271658,60.79678302532513,0.2081389779867026,0.0,[],3.595890410958904,0.007352941176470588,59.38823529411764,,41.07068311195446,1,,690.3117270029674,1984,1476,0,0
266560,Barcelona,2014/2015,217,2.0,0.024691358024691357,0.5,0.0,2.0,0.0,8.7935,12.0,0.12633795402702228,0.9166666666666666,5.0,62.083333333333336,29.99166666666667,18.19183333333333,14.0,0.07142857142857142,0.0,0.0,14.0,57.83571428571428,12.647809609259934,39.17142857142857,25.040042656987154,142,1.494999122653097,55,89,67.81993333333334,49,45,48,23,22,3.909576131687243,0.536065573770492,0.13372093023255813,3.4059999999999997,0.87,0.8033333333333333,1.0829875518672198,0.030303030303030304,1.1,17,1,16,7.318166133366716,0,58.212121212121204,11.802323859513791,40.93636363636363,26.15412035155525,0.20836908561367215,131,25,0.0,91,40,53,21.523185733587784,56,5.0,3.7160493827160495,3.909090909090909,0.691358024691358,59,72,8,15,0,118,17,7.211487090229621,0,14,0,3.9915254237288136,63,43,14,104,4,19,2.8151666666666664,62.083333333333336,32,8,0.037037037037037035,0.08641975308641975,40.50483838383839,275.10143680735086,14,41,8.44478125,46.3326049382716,0.25925925925925924,11.179491803278689,59,5,0.015625,0.015625,36,14,0.0,0.0,36,0.5555555555555556,{},{},{},{},{},433.0,0,21.32144600346054,62.837340764331216,0.17995568903061068,0.0,[],2.9069767441860463,0.014084507042253521,62.083333333333336,,41.0188784008884,1,,106.49549999999999,1786,1529,0,0
266631,Barcelona,2014/2015,217,0.0,0.0,0.0,0.0,0.0,0.0,,13.0,0.13832239758822487,1.0,9.0,60.21538461538462,28.776923076923076,24.884076923076922,15.0,0.3333333333333333,0.0,0.0,15.0,55.866666666666674,11.844930601416833,21.48,16.2834359308558,88,0.9363362298279837,44,54,96.82136666666663,28,26,34,21,7,3.8366992481202997,0.3755102040816327,0.2328767123287671,3.457766666666666,2.9250000000000003,1.6785714285714282,1.7425531914893624,0.14285714285714285,1.25,28,5,7,10.402991022884823,1,56.3,11.324102353725307,25.271428571428572,17.87225209530078,0.21595761759866777,89,26,0.0,62,27,31,18.88112202808989,35,0.0,3.125,3.260869565217391,0.4861111111111111,41,47,7,7,0,52,15,5.782212857596471,0,6,0,3.0,30,24,9,43,6,27,13.215692307692304,60.21538461538462,30,17,0.16129032258064516,0.06944444444444445,81.99493750000002,428.1182568326287,23,35,8.755608695652175,49.11105555555555,0.25,10.877469387755102,39,3,0.023809523809523808,0.023809523809523808,31,6,0.0,0.0,18,0.75,{},{},{},{},{},433.0,0,23.363404954666795,61.917101937657954,0.2173882199145677,0.0,[],6.164383561643835,0.0,60.21538461538462,,44.568829593693145,1,,809.53718200409,1107,2247,0,0
266741,Barcelona,2014/2015,217,7.0,0.0875,0.2857142857142857,2.0,5.0,0.0,20.8595,21.0,0.22584692597239647,0.9523809523809523,4.0,59.96190476190476,46.57619047619047,156.06538888888886,7.0,0.0,0.0,0.0,7.0,46.50000000000001,5.019296099388173,46.97142857142857,29.96301688669519,96,1.0324430901595267,49,74,6.532916666666666,56,9,31,14,8,5.00896923076923,0.4915254237288136,0.1503267973856209,2.421388888888889,5.885714285714286,2.0742857142857143,2.837465564738292,0.0,1.2571428571428571,20,0,24,10.498677165349081,0,55.220454545454544,11.453253412985845,42.89318181818182,26.815965374062472,0.25640802809890323,136,40,0.0,85,51,64,21.280902000735296,56,3.6666666666666665,3.0375,3.2337662337662336,0.975,68,66,12,8,0,95,12,5.036011074775132,0,5,0,2.3389473684210533,40,33,6,89,10,19,7.391476190476192,59.96190476190476,38,6,0.0,0.0875,51.07537142857143,315.85640002042385,20,26,8.297363636363638,11.041274999999999,0.4125,9.176406779661018,52,8,0.0,0.0,34,5,0.02564102564102564,0.02564102564102564,25,0.6875,{},{},{},{},{},433.0,0,23.557188233854475,61.873464912280696,0.21261810883773802,0.0,[],6.1002178649237475,0.07291666666666667,59.96190476190476,,46.466343564889605,2,,592.1971376811593,1688,1489,0,0
266770,Barcelona,2014/2015,217,3.0,0.034482758620689655,0.0,0.0,3.0,0.0,13.522,11.0,0.11958688168146403,0.9090909090909091,2.0,58.563636363636355,51.71818181818182,9.4792,10.0,0.3,0.0,0.0,10.0,57.470000000000006,13.29611889905388,39.96,24.85460833639419,77,0.8371081717702482,29,47,8.5326875,25,21,31,17,8,6.498311965811966,0.49516129032258066,0.1645101663585952,4.65196875,3.9724137931034478,1.0896551724137935,3.6455696202531627,0.17142857142857143,1.206896551724138,11,6,24,7.586537784494029,0,56.54,12.642603045445423,49.89142857142857,23.50536073310251,0.23497120641049163,176,38,0.0,95,79,92,21.07134211590909,77,3.5,3.574712643678161,3.8536585365853657,0.9770114942528736,94,81,21,19,0,116,7,5.554973288814418,0,5,0,2.5008620689655174,69,48,15,101,9,16,10.718363636363637,58.563636363636355,49,4,0.15,0.05747126436781609,15.610880952380953,19.451620403430685,19,38,9.457263157894738,43.781712643678155,0.367816091954023,12.715306451612902,46,4,0.02,0.02,38,5,0.0,0.0,19,0.7816091954022988,{},{},{},{},{},433.0,0,18.848305070137958,63.170274068868586,0.20045479511179584,0.0,[],3.1423290203327174,0.03896103896103896,58.563636363636355,,49.27110644992134,2,,471.12526146788986,1985,1417,0,0
266794,Barcelona,2014/2015,217,,,,,,,,,,,,,,,,,,,,,,,,165,1.7556304309274693,30,69,80.60054054054054,77,20,68,48,40,3.914028436018957,0.42833333333333345,0.14437367303609341,5.848243243243243,2.554054054054054,1.5351351351351352,1.663732394366197,0.06818181818181818,1.1891891891891893,26,3,17,9.46337971105226,0,57.845454545454565,10.00951766942993,36.070454545454545,26.039635080726857,0.23559727611258793,143,39,0.0,95,48,65,19.34394304685315,50,6.25,3.688311688311688,4.0,0.5714285714285714,71,70,10,11,0,91,8,4.950693161770922,0,8,0,2.520879120879121,46,25,6,85,13,18,15.081349999999997,57.21,53,12,0.08333333333333333,0.05194805194805195,42.20866666666668,267.9403765745075,21,50,9.716192307692308,47.78481818181819,0.42857142857142855,9.981716666666665,42,10,0.019230769230769232,0.019230769230769232,31,8,0.02564102564102564,0.02564102564102564,24,0.6883116883116883,{},{},{},{},{},433.0,0,20.939606121181857,61.93382352941177,0.2413309928291693,0.0,[],6.1571125265392785,0.04242424242424243,57.21,,39.58245243128964,1,,58.817499999999995,1420,1748,0,0
266838,Barcelona,2014/2015,217,3.0,0.034482758620689655,0.0,0.0,3.0,0.0,16.416,15.0,0.15960276644795177,0.9333333333333333,7.0,58.32,42.72666666666667,7.863076923076923,11.0,0.18181818181818182,0.0,0.0,11.0,58.16363636363636,7.6646295053672,35.336363636363636,24.028827384093162,122,1.298102500443341,42,81,78.06897368421053,36,32,54,23,16,3.5775088757396447,0.4359375,0.10550458715596331,2.960736842105263,1.9375,1.2375000000000005,1.565656565656565,0.07692307692307693,1.21875,20,3,19,7.788880963698615,0,59.08717948717949,10.783349237724153,37.94358974358975,23.754952889337176,0.20977298582067935,129,49,0.0,93,35,43,21.1902524875969,56,2.0,3.3333333333333335,3.6625,0.9770114942528736,72,56,12,7,0,78,26,5.331510308954241,0,4,0,1.9064102564102556,45,34,10,68,8,11,1.4604666666666666,58.32,39,2,0.07692307692307693,0.05747126436781609,76.18365060240964,411.8563525558259,15,31,7.82765625,42.85783908045977,0.3218390804597701,10.090078125,62,7,0.0,0.0,39,4,0.0,0.0,28,0.6781609195402298,{},{},{},{},{},433.0,0,22.454296329645338,61.773098859315596,0.20953069244454423,0.0,[],4.587155963302752,0.02459016393442623,58.32,,40.86950642325896,1,,,1200,1670,0,0
266846,Barcelona,2014/2015,217,2.0,0.02247191011235955,1.0,1.0,1.0,0.0,3.0279999999999996,17.0,0.1828284638824162,0.9411764705882353,5.0,63.14117647058823,45.029411764705884,18.769266666666667,17.0,0.17647058823529413,0.0,0.0,17.0,58.92941176470589,11.356042703440002,41.76470588235294,22.862412962559056,135,1.4518730955368346,39,76,6.197750000000001,58,27,50,21,18,4.2313052208835344,0.49411764705882344,0.18047882136279927,4.7265250000000005,2.3972222222222213,1.6027777777777779,1.495667244367417,0.1111111111111111,1.25,22,5,23,8.259674462242577,0,59.57111111111111,11.443053117348736,41.897777777777776,23.23737671871928,0.20369663810418226,152,29,0.0,89,62,64,18.041831775000002,45,3.0,3.3146067415730336,3.4705882352941178,0.8876404494382022,78,72,12,5,0,115,12,6.4323378361422305,0,9,0,2.2052173913043482,53,42,5,110,8,15,11.042882352941174,63.14117647058823,32,8,0.1,0.07865168539325842,13.51630392156863,15.962287081687887,25,40,9.550304347826087,10.817640449438203,0.39325842696629215,9.649485294117646,51,8,0.0,0.0,26,9,0.02857142857142857,0.02857142857142857,24,0.7303370786516854,{},{},{},{},{},433.0,0,21.133582783351915,63.74953560371517,0.2116507868649511,0.0,[],4.051565377532229,0.014814814814814815,63.14117647058823,,41.69417475728155,1,,55.29675,2293,1399,0,0
266871,Barcelona,2014/2015,217,2.0,0.024096385542168676,0.0,2.0,0.0,0.0,22.599500000000003,19.0,0.20655915926798332,1.0,5.0,60.100000000000016,33.357894736842105,14.630705882352943,9.0,0.3333333333333333,0.0,0.0,9.0,55.14444444444444,13.617921198838603,38.91111111111111,31.660718739648207,80,0.869722775865193,37,53,5.0727352941176465,25,25,30,16,4,3.7005857142857144,0.4716666666666667,0.2773892773892774,3.5830294117647057,4.476470588235294,2.761764705882353,1.6208732694355699,0.13043478260869565,1.3529411764705883,25,6,21,8.178562764256865,0,57.80434782608695,12.17098474098203,34.958695652173915,24.67452646027168,0.22204604167270972,135,33,0.0,83,51,48,19.436005247407405,50,2.6,3.5301204819277108,3.8607594936708862,0.4819277108433735,47,85,17,15,0,81,13,5.9141329486107335,0,11,0,2.8320987654320984,42,24,8,73,9,11,6.245578947368422,60.100000000000016,38,9,0.10344827586206896,0.03614457831325301,13.116552631578946,19.099863671595816,30,30,8.044454545454546,43.372120481927716,0.27710843373493976,10.789666666666667,47,3,0.02,0.02,36,11,0.0,0.0,14,0.8313253012048193,{},{},{},{},{},433.0,0,23.399081592349567,59.937491190979564,0.22014975436210377,0.0,[],5.594405594405594,0.025,60.100000000000016,,49.17671517671518,2,,132.01468205128208,1759,1883,0,0
266916,Barcelona,2014/2015,217,3.0,0.03333333333333333,0.6666666666666666,0.0,3.0,0.0,17.014,16.0,0.17207384835992112,1.0,4.0,61.256249999999994,37.756249999999994,3.5343333333333335,11.0,0.18181818181818182,0.0,0.0,11.0,57.71818181818182,9.247790890998582,31.681818181818176,33.393257348806756,145,1.5594192507617852,41,70,73.65817073170732,50,21,74,30,17,7.547936363636364,0.4712328767123288,0.15637319316688567,6.409853658536584,2.075862068965517,1.7103448275862068,1.213709677419355,0.05714285714285714,1.206896551724138,18,2,17,7.318166133366716,0,58.53142857142857,11.40989692763084,39.44285714285714,29.140019840462035,0.18631780238012594,230,36,0.0,136,93,113,19.355946460434787,85,4.2,4.488888888888889,4.926829268292683,0.9777777777777777,116,112,18,18,0,180,17,5.082520722496473,0,11,0,2.456666666666666,96,55,14,166,13,9,9.4401875,61.256249999999994,49,6,0.08,0.05555555555555555,13.295539325842698,15.895538632843769,29,41,14.527047619047618,45.65557777777779,0.4,51.30672602739726,41,15,0.017857142857142856,0.017857142857142856,39,11,0.0,0.0,24,0.7333333333333334,{},{},{},{},{},433.0,0,23.021074010422502,60.62608695652174,0.20192840513054905,0.0,[],2.759526938239159,0.020689655172413793,61.256249999999994,,44.72727272727273,1,,107.5270909090909,1581,1725,0,0
266921,Barcelona,2014/2015,217,6.0,0.0759493670886076,0.16666666666666666,0.0,6.0,0.0,19.14333333333333,24.0,0.25536442631672285,0.9583333333333334,11.0,61.300000000000004,49.945833333333326,13.145380952380952,14.0,0.2857142857142857,0.0,0.0,14.0,60.214285714285715,9.8859540719188,47.15714285714285,26.259261056031093,99,1.0533782585564817,43,75,8.230230769230769,38,22,39,15,11,10.381389908256882,0.5185714285714286,0.12275449101796407,1.5612564102564104,3.0,1.1931818181818181,2.5142857142857142,0.10714285714285714,1.2727272727272727,16,6,40,14.267289706021797,0,60.348214285714285,10.600960352232734,48.90357142857142,24.031622835420336,0.2915851528471145,197,28,0.0,116,79,105,22.401427591370556,84,2.0,4.139240506329114,4.4605263157894735,1.0,98,96,19,10,0,162,31,4.228151724532223,0,10,0,1.4796296296296296,78,47,16,146,13,27,7.498541666666668,61.300000000000004,38,11,0.16666666666666666,0.06329113924050633,13.516418604651161,21.231728231240037,28,28,11.789230769230768,14.734240506329112,0.4050632911392405,13.4967,49,13,0.016129032258064516,0.016129032258064516,30,10,0.0,0.0,33,0.5822784810126582,{},{},{},{},{},433.0,0,20.829913695423876,61.322985915492964,0.17923698234400942,0.0,[],5.089820359281437,0.06060606060606061,61.300000000000004,,49.53247261345853,2,,905.9179026706232,2247,1500,0,0
266929,Barcelona,2014/2015,217,6.0,0.06976744186046512,0.16666666666666666,4.0,2.0,0.0,18.341999999999995,20.0,0.21280368859726903,0.9,9.0,57.44499999999999,42.13,12.556736842105261,13.0,0.23076923076923078,0.0,0.0,13.0,58.638461538461534,12.90649309853626,47.79999999999999,21.2563715937912,197,2.0961163326830996,62,121,7.620578947368421,84,49,64,45,17,4.529781869688385,0.5774647887323944,0.13,6.044807017543859,3.1923076923076925,1.61025641025641,1.9824840764331213,0.22448979591836735,1.2564102564102564,23,11,26,6.48074069840786,0,56.165306122448975,12.210541057838922,43.74081632653061,20.099491270172187,0.24281788207013966,176,30,0.0,113,63,82,20.892621083522727,75,6.888888888888889,4.22093023255814,4.523809523809524,0.5116279069767442,111,64,18,18,0,161,15,6.658221876558398,0,19,0,2.550310559006211,81,59,21,140,10,26,8.0355,57.44499999999999,40,8,0.08571428571428572,0.10465116279069768,51.433707142857145,317.078346763867,27,58,12.355108695652175,15.463802325581392,0.3372093023255814,13.946338028169015,61,6,0.014925373134328358,0.014925373134328358,38,19,0.017543859649122806,0.017543859649122806,28,0.6744186046511628,{},{},{},{},{},433.0,0,21.91878927363776,59.94770114942529,0.21948898385310614,0.0,[],4.142857142857142,0.030456852791878174,57.44499999999999,,44.605046626439936,2,,573.3912902255639,1492,1820,0,0
266967,Barcelona,2014/2015,217,3.0,0.03529411764705882,0.6666666666666666,1.0,2.0,0.0,6.985666666666666,31.0,0.32984571732576695,1.0,17.0,59.545161290322575,37.309677419354834,10.779913043478262,11.0,0.09090909090909091,0.0,0.0,11.0,61.372727272727275,10.952359646130226,37.554545454545455,20.27936703333532,96,1.0214577052668914,40,57,6.336235294117648,44,19,33,10,11,4.616791999999999,0.4583333333333333,0.17926565874730022,3.810882352941176,4.231578947368422,3.7815789473684207,1.1189979123173281,0.09433962264150944,1.394736842105263,27,5,26,10.143416036468626,0,58.92641509433962,12.66945373941404,37.67735849056604,21.05184663478237,0.23036579805324853,133,30,0.0,89,41,53,20.089009739849622,48,4.285714285714286,3.7176470588235295,3.8902439024390243,1.0,75,58,13,8,0,108,18,6.231109060803618,0,11,0,3.077777777777777,60,38,12,96,16,20,7.417129032258064,59.545161290322575,39,9,0.047619047619047616,0.058823529411764705,18.929761904761904,22.595868493313557,19,44,9.8079,13.768247058823532,0.29411764705882354,12.878800000000002,50,9,0.01694915254237288,0.01694915254237288,38,11,0.0,0.0,31,0.6352941176470588,{},{},{},{},{},433.0,0,22.517056198044823,60.73535055350553,0.1941427021132427,0.0,[],7.559395248380129,0.03125,59.545161290322575,,46.0116988809766,2,,1079.7387244444444,2206,1629,0,0
267085,Barcelona,2014/2015,217,2.0,0.023529411764705882,0.0,0.0,2.0,0.0,0.0,12.0,0.12768221315836142,1.0,5.0,62.841666666666676,42.11666666666667,14.727166666666667,16.0,0.3125,0.0,0.0,16.0,58.806250000000006,11.275073909587762,51.6,26.020351009674457,166,1.7662706153573329,53,91,9.256936170212764,66,35,65,29,27,9.970808988764045,0.5169014084507042,0.12395709177592372,7.195702127659574,2.5266666666666664,2.17,1.1643625192012288,0.08333333333333333,1.2,12,3,24,8.602325267042627,0,60.06111111111112,10.98940470967449,51.316666666666656,24.772732705825685,0.19319720850396405,244,25,0.0,149,95,126,18.07695173893443,74,16.25,5.305882352941176,5.7407407407407405,0.9411764705882353,120,123,12,13,0,196,19,6.626358986724809,0,19,0,4.045408163265306,108,70,10,186,7,24,22.339916666666667,62.841666666666676,31,10,0.20833333333333334,0.07058823529411765,16.567588785046727,19.14640099996506,22,51,16.040793103448276,49.64714117647058,0.3176470588235294,54.09056338028169,48,12,0.03333333333333333,0.03333333333333333,34,19,0.018867924528301886,0.018867924528301886,31,0.6352941176470588,{},{},{},{},{},433.0,0,22.528981922657888,62.499900793650795,0.1789637071330512,0.0,[],2.264600715137068,0.012048192771084338,62.841666666666676,,45.43333333333333,1,,937.3452059748428,2260,1301,0,0
267183,Barcelona,2014/2015,217,5.0,0.053763440860215055,0.2,0.0,5.0,0.0,8.198400000000001,20.0,0.2150923104499014,0.8,8.0,55.335,45.67,11.108,11.0,0.09090909090909091,0.0,0.0,11.0,63.56363636363637,10.584920663592403,36.25454545454546,28.991942454287663,204,2.1939415665889945,46,88,7.772311111111109,95,38,71,53,33,8.735938053097346,0.5458333333333333,0.0915032679738562,11.810266666666667,1.0000000000000002,3.0062499999999996,0.33264033264033277,0.05128205128205128,1.21875,17,2,22,8.498365855987974,0,56.35384615384615,11.023511861706423,44.46923076923077,25.999384140946532,0.2511869604770726,258,41,0.0,161,95,140,19.426531829457364,100,5.375,5.096774193548387,5.633333333333334,0.6881720430107527,120,135,29,24,0,236,28,5.503966848166941,0,16,0,2.0254237288135597,144,113,25,211,14,15,11.855450000000003,55.335,31,11,0.038461538461538464,0.08602150537634409,15.39666917293233,17.608393591352876,24,68,18.37808333333333,18.721397849462363,0.3333333333333333,17.91547222222222,57,12,0.0,0.0,53,16,0.0,0.0,34,0.6344086021505376,{},{},{},{},{},433.0,0,23.227935955239115,61.52086466165413,0.19576159030699702,0.0,[],2.832244008714597,0.024509803921568627,55.335,,47.522968197879855,2,,1127.0113920108329,1954,1404,0,0
267197,Barcelona,2014/2015,217,3.0,0.039473684210526314,0.0,0.0,3.0,0.0,2.3983333333333334,16.0,0.16669560687619378,0.9375,4.0,61.81875,36.493750000000006,20.47176923076923,10.0,0.5,0.0,0.0,10.0,62.120000000000005,13.883947565444059,42.04,26.91084870043637,98,1.021010592116687,38,61,5.803387096774194,33,15,50,27,14,3.616276729559748,0.4666666666666667,0.18592964824120603,3.9211612903225803,2.534482758620689,1.0517241379310347,2.4098360655737694,0.08823529411764706,1.1724137931034482,16,3,17,6.377042156569663,0,62.49117647058824,11.277931457847865,39.311764705882354,24.874835339255622,0.19269167449646377,116,20,0.0,80,34,59,19.062438796551724,40,2.0,3.539473684210526,3.8309859154929575,0.9605263157894737,55,57,6,4,0,86,11,6.456737770410431,0,11,0,4.5558139534883715,53,30,7,79,5,11,35.281062500000004,61.81875,28,4,0.25,0.09210526315789473,17.015685714285716,27.355867673808827,19,27,9.369375,15.448,0.34210526315789475,15.610859649122807,44,6,0.0,0.0,29,11,0.0,0.0,22,0.7105263157894737,{},{},{},{},{},433.0,0,19.91172046960028,65.99710437710436,0.20964096799788415,0.0,[],6.030150753768844,0.030612244897959183,61.81875,,41.03236074270557,1,,500.31631296296297,1832,1816,0,0
267301,Barcelona,2014/2015,217,5.0,0.05555555555555555,0.2,0.0,5.0,0.0,18.448999999999998,32.0,0.34414769671984224,0.9375,13.0,60.3625,37.609375,9.202407407407406,19.0,0.21052631578947367,0.0,0.0,19.0,58.28421052631578,11.306402471259602,42.51052631578947,21.3862857077677,128,1.376590786879369,49,82,6.31517391304348,45,43,40,27,11,4.077710317460318,0.4285714285714286,0.1752988047808765,3.5240434782608694,2.9309090909090907,3.82,0.7672536887196573,0.1506849315068493,1.3272727272727274,34,11,39,12.192894105447921,0,58.691780821917824,12.39965001101798,39.16575342465753,21.539306570766556,0.29887870509972797,136,33,0.0,99,37,61,21.015118938235293,55,10.0,3.077777777777778,3.3176470588235296,1.0,69,67,11,14,0,95,19,5.931151729334932,0,8,0,1.9905263157894741,45,38,12,83,14,42,6.51028125,60.3625,49,17,0.1111111111111111,0.022222222222222223,13.377311594202899,12.747477190477715,23,66,10.455724137931036,41.274899999999995,0.3333333333333333,9.773871428571429,55,6,0.01639344262295082,0.01639344262295082,41,8,0.0,0.0,30,0.6666666666666667,{},{},{},{},{},433.0,0,22.570201664743387,61.19418710263397,0.2159845425063033,0.0,[],8.167330677290837,0.0390625,60.3625,,40.459443457667255,1,,1098.1308110831235,1443,1723,0,0
267343,Barcelona,2014/2015,217,2.0,0.023529411764705882,1.0,1.0,1.0,0.0,47.743,18.0,0.19358307940491126,0.9444444444444444,9.0,60.86666666666666,30.549999999999997,27.42161111111111,17.0,0.11764705882352941,0.0,0.0,17.0,53.76470588235294,9.5657554051203,39.00588235294118,26.990425862429333,125,1.3443269403118838,60,91,6.563891891891891,53,31,41,24,11,3.9473277777777778,0.537704918032787,0.25116279069767444,2.632378378378378,3.9702702702702704,1.5567567567567566,2.5503472222222223,0.08695652173913043,1.2432432432432432,24,4,22,8.993825042154693,0,56.23260869565218,10.703666128903397,38.689130434782605,26.0947353418345,0.23111417381421978,125,28,0.0,91,33,39,20.859821172800007,51,4.333333333333333,3.0823529411764707,3.3125,0.8470588235294118,73,52,11,5,0,82,24,6.816817580106893,0,11,0,3.3512195121951223,46,36,6,76,6,21,10.580055555555555,60.86666666666666,27,16,0.058823529411764705,0.10588235294117647,16.04622988505747,19.94652286392157,15,36,10.406956521739133,11.836376470588235,0.3058823529411765,10.664983606557374,45,2,0.0,0.0,47,11,0.0,0.0,20,0.7647058823529411,{},{},{},{},{},433.0,0,24.198701990889784,58.66428571428572,0.22674567299113782,0.0,[],5.116279069767442,0.016,60.86666666666666,,43.59197080291971,1,,649.198981042654,1067,1544,0,0
267400,Barcelona,2014/2015,217,1.0,0.012048192771084338,0.0,0.0,1.0,0.0,0.0,24.0,0.25536442631672285,0.875,10.0,55.80833333333334,45.7125,15.39360869565217,17.0,0.17647058823529413,0.0,0.0,17.0,55.35294117647059,10.67696806489668,57.52352941176471,23.25670681254562,130,1.3832239758822487,58,91,5.36370731707317,66,20,44,23,18,3.9174999999999995,0.5123076923076922,0.17485265225933203,3.2399268292682923,2.8413043478260867,1.1847826086956526,2.398165137614678,0.038461538461538464,1.1304347826086956,16,2,36,13.9522996909709,1,54.61538461538461,11.34896358082862,51.72500000000001,23.763333718394072,0.29446863979214927,140,21,0.0,91,49,71,18.734374004285712,42,1.0,3.1927710843373496,3.4415584415584415,1.0,79,61,12,6,0,100,12,8.138843891223063,0,11,0,3.6400000000000006,59,42,6,94,10,11,12.964791666666665,55.80833333333334,30,12,0.12,0.08433734939759036,13.72784466019417,19.802514734273327,31,39,8.935649999999999,10.219337349397591,0.4578313253012048,9.148276923076924,41,6,0.0,0.0,25,11,0.0,0.0,25,0.6987951807228916,{},{},{},{},{},433.0,0,21.572301813105355,61.28358974358974,0.20687986024203284,0.0,[],5.50098231827112,0.007692307692307693,55.80833333333334,,46.43908181283108,2,,,1446,1600,0,0
267499,Barcelona,2014/2015,217,,,,,,,,,,,,,,,,,,,,,,,,110,1.1704202872849796,48,73,4.543324324324324,34,41,35,22,10,3.5417659574468088,0.480327868852459,0.23798076923076922,3.8927027027027035,0.840625,1.1375000000000002,0.7390109890109888,0.11428571428571428,1.09375,21,4,13,6.944222218666553,0,61.451428571428565,11.276507892610232,32.902857142857144,21.68548560014937,0.1869410349588384,114,41,0.0,91,22,42,22.04904624824561,52,2.857142857142857,2.7282608695652173,3.057471264367816,0.9565217391304348,55,59,11,5,0,75,9,5.404737579972647,0,7,0,2.3840000000000003,35,26,7,68,4,22,24.317111111111117,62.300000000000004,28,11,0.11538461538461539,0.07608695652173914,14.45713829787234,17.09328445251207,24,39,8.869076923076923,39.47653260869566,0.2717391304347826,10.213295081967214,53,4,0.0,0.0,39,7,0.0,0.0,28,0.6956521739130435,{},{},{},{},{},433.0,0,22.43146206575603,62.73372197309418,0.20784832506203474,0.0,[],3.8461538461538463,0.03636363636363636,62.300000000000004,,45.86479591836735,2,,343.5211608695652,1300,1611,0,0
267561,Barcelona,2014/2015,217,1.0,0.009009009009009009,0.0,0.0,1.0,0.0,4.566,17.0,0.1828284638824162,1.0,6.0,57.27647058823529,34.23529411764706,9.942058823529411,26.0,0.15384615384615385,0.0,0.0,26.0,61.24615384615384,12.391423833255992,45.353846153846156,28.032427376440037,187,2.0111131027065783,79,123,5.017127272727273,92,24,71,36,24,4.47646017699115,0.5233766233766234,0.19756838905775076,4.939563636363635,2.5901960784313722,1.4588235294117646,1.775537634408602,0.07936507936507936,1.2352941176470589,25,5,38,13.572848714334889,0,59.64761904761905,11.364160658202513,43.546031746031744,27.652164503722155,0.3138413760771068,169,32,0.0,117,50,70,17.888569202366863,44,2.0,3.2882882882882885,3.607843137254902,0.08108108108108109,81,87,10,12,0,145,26,6.2254283000077395,0,15,0,2.0255172413793106,71,35,7,138,10,31,6.772294117647058,57.27647058823529,45,15,0.0975609756097561,0.06306306306306306,11.08624832214765,10.371215165647737,45,66,10.947410256410258,10.466135135135133,0.32432432432432434,10.502805194805195,59,2,0.0,0.0,29,15,0.0,0.0,27,0.7567567567567568,{},{},{},{},{},433.0,0,23.21026182529921,60.126504751847946,0.2206841460791264,0.0,[],3.343465045592705,0.0053475935828877,57.27647058823529,,42.188585607940446,1,,338.21870169491524,1501,1519,0,0
267597,Barcelona,2014/2015,217,6.0,0.07792207792207792,0.5,1.0,5.0,0.0,17.6235,28.0,0.29792516403617664,0.9285714285714286,9.0,59.642857142857146,41.042857142857144,15.47823076923077,12.0,0.25,0.0,0.0,12.0,58.21666666666666,10.89961077981756,44.083333333333336,18.051785775844166,113,1.20234084057457,48,77,5.945404761904761,35,34,44,30,9,3.3034558823529405,0.5080645161290323,0.1375968992248062,3.6485952380952384,3.71875,2.7083333333333335,1.373076923076923,0.13559322033898305,1.2291666666666667,25,8,33,10.424330514074594,0,57.257627118644066,11.890378657434882,40.510169491525424,21.480333386252887,0.2469678431103104,149,29,0.0,94,55,84,17.78352109530201,50,3.0,4.038961038961039,4.256756756756757,0.8311688311688312,69,80,13,16,0,111,17,5.789396491343457,0,8,0,2.689189189189189,52,39,17,94,11,28,7.017678571428571,59.642857142857146,48,3,0.14285714285714285,0.025974025974025976,13.332545454545453,16.29385006047952,21,46,9.67296153846154,13.218467532467532,0.42857142857142855,12.196387096774192,54,7,0.01639344262295082,0.01639344262295082,32,8,0.0,0.0,35,0.5454545454545454,{},{},{},{},{},433.0,0,23.66900204610589,62.81265206812652,0.18742364162469188,0.0,[],7.170542635658915,0.05309734513274336,59.642857142857146,,47.193422519509475,2,,1131.444782078853,1469,2008,0,0
70264,Barcelona,2014/2015,217,2.0,0.024390243902439025,0.5,0.0,2.0,0.0,4.1285,28.0,0.2947885593963853,0.9285714285714286,11.0,64.99642857142858,41.24285714285714,16.664958333333335,11.0,0.0,0.0,0.0,11.0,56.98181818181818,11.52760323586982,44.79090909090909,23.928370381012353,97,1.0212317950517635,42,70,77.54813513513514,37,25,35,21,3,3.7088113207547164,0.4016129032258065,0.13533834586466165,3.0787837837837837,3.3763157894736846,3.4473684210526314,0.9793893129770994,0.02127659574468085,1.236842105263158,22,1,25,10.677078252031311,1,62.12340425531915,12.116754709114607,41.351063829787236,22.587615617378606,0.2370295395527632,103,25,0.0,79,24,44,20.540435419417477,36,4.4,2.9146341463414633,2.950617283950617,0.9878048780487805,43,60,6,2,0,90,17,5.877253069295028,0,5,0,3.2022222222222214,43,24,9,81,13,35,9.898214285714285,64.99642857142858,56,8,0.0,0.08536585365853659,14.41720731707317,17.4516045077822,24,33,11.873000000000001,42.14860975609756,0.3902439024390244,7.691370967741936,56,5,0.0,0.0,32,5,0.02702702702702703,0.02702702702702703,29,0.6463414634146342,{},{},{},{},{},433.0,0,19.60082116746606,62.41608635097493,0.20013102456452497,0.0,[],7.518796992481203,0.020618556701030927,64.99642857142858,,40.800406297613,1,,,1856,1691,0,0
70273,Barcelona,2014/2015,217,1.0,0.009708737864077669,0.0,0.0,1.0,0.0,8.718,30.0,0.31920553289590353,0.9666666666666667,11.0,59.02666666666667,43.266666666666666,10.144583333333335,22.0,0.09090909090909091,0.0,0.0,22.0,60.93636363636363,8.887634290970981,48.57272727272727,25.54538783864594,203,2.1599574392622807,55,106,6.6939245283018876,96,49,58,48,30,7.234146946564886,0.59375,0.13398692810457516,8.171132075471698,5.0756097560975615,3.1731707317073177,1.5995388162951574,0.12727272727272726,1.3414634146341464,21,7,34,11.025223605694151,0,59.509090909090894,10.699295108787114,46.480000000000004,24.231005543097663,0.21853378234335458,291,62,0.0,178,108,160,20.014065610549828,108,6.0,4.58252427184466,4.84,0.9514563106796117,148,140,28,26,0,182,18,5.848922025668135,0,10,0,3.097802197802199,101,58,26,156,22,17,8.451633333333334,59.02666666666667,60,3,0.05714285714285714,0.07766990291262135,15.740536231884057,21.707406859584303,29,64,15.660941176470585,16.040601941747575,0.4563106796116505,16.6776,64,15,0.0,0.0,42,10,0.0,0.0,28,0.7281553398058253,{},{},{},{},{},433.0,0,23.686280027092696,60.710052122114675,0.20928886420594617,0.0,[],3.594771241830065,0.0049261083743842365,59.02666666666667,,45.9153137340939,2,,290.86878609625666,1882,1794,0,0
70303,Barcelona,2014/2015,217,1.0,0.012658227848101266,0.0,0.0,1.0,0.0,1.014,19.0,0.20216350416740556,1.0,9.0,60.805263157894736,44.484210526315785,12.612294117647059,16.0,0.25,0.0,0.0,16.0,59.11875,10.619681021574989,37.09375,25.692553233703084,145,1.5428267423302005,64,108,5.493763157894736,47,31,67,30,34,3.7899957627118646,0.6153846153846154,0.17849462365591398,3.436289473684211,1.6848484848484842,1.990909090909091,0.8462709284627089,0.023809523809523808,1.2727272727272727,21,1,21,9.428090415820634,0,60.099999999999994,10.584111423929093,40.759523809523806,26.435564178323272,0.22832652262728143,137,40,0.0,98,39,60,18.762356578832115,45,2.6666666666666665,3.9240506329113924,4.133333333333334,0.6708860759493671,64,72,13,9,0,86,12,5.606206189850032,0,7,0,2.5255813953488384,47,39,11,75,11,25,6.536315789473684,60.805263157894736,36,12,0.15384615384615385,0.08860759493670886,12.696915094339623,15.379267589424755,25,45,11.997225806451612,11.986,0.2911392405063291,12.44015384615385,39,6,0.0,0.0,33,7,0.0,0.0,17,0.7848101265822784,{},{},{},{},{},433.0,0,23.06840940062839,60.521650399290145,0.23283222743977133,0.0,[],5.161290322580645,0.006896551724137931,60.805263157894736,,42.91569230769231,1,,162.12085051546393,1094,2008,0,0
