player_id,player_name,midfielder_type,match_id,team_id,team_name,season,computed_at,bypasses_per_match,possessions_involved,possession_time_seconds,tempo_index,turnovers,passes_attempted,pass_completion_rate,progressive_passes,final_third_entries_by_pass,key_passes,under_pressure_pass_share,carries_attempted,progressive_carries,carry_distance_total,successful_dribbles,carries_leading_to_shot,carries_leading_to_key_pass,final_third_carries,penalty_area_carries,pressured_carry_success_rate,pressures_applied,ball_recoveries,interceptions,tackles_won,press_to_interception_chain,counterpress_actions,pressure_to_self_recovery,blocked_passes,blocked_shots,clearance_followed_by_recovery,pressures_to_turnover_rate,average_position_x,average_position_y,width_variance,zone_entries,pressured_touches,pressured_touch_retention_rate,third_man_runs,wall_pass_events,shot_creating_actions,expected_threat_added,fouls_committed,fouls_suffered,tactical_fouls,advantage_fouls_won,set_piece_involvements,corner_delivery_accuracy,set_piece_duels_won,defensive_set_piece_clearances,line_breaking_receipts,zone14_touches,penalty_area_deliveries,switches_completed,cross_accuracy,aerial_duels_contested,aerial_duel_win_rate,fifty_fiftys_won,sliding_tackles,sliding_tackle_success_rate,ball_receipts_total,central_lane_receipts,one_touch_passes,weak_foot_pass_share,pressured_retention_rate,secondary_shot_assists,expected_assists,xg_chain
4320,Neymar da Silva Santos Junior,5,18242,217,Barcelona,2014/2015,2025-12-13T18:44:45.068090,52,60.0,295.04,21.35,7.0,47.0,0.79,6.0,30.0,0.0,0.09,10.0,7.0,217.65,2.0,6.0,1.0,6.0,10.0,0.96,17.0,6.0,1.0,0.0,0.0,6.0,0.0,0.0,0.0,0.0,0.12,87.11,20.24,227.95,19.0,42.0,0.98,10.0,0.0,6.0,0.0,2.0,3.0,0.0,0.0,124.0,1.0,0.0,0.0,5.0,13.0,10.0,1.0,0.67,0.0,0.0,0.0,3.0,,61.0,6.0,20.0,0.2,0.98,3.0,,0.95
5203,Sergio Busquets i Burgos,0,18242,217,Barcelona,2014/2015,2025-12-13T18:44:45.814253,52,59.0,281.09,24.76,0.0,67.0,0.94,14.0,8.0,0.0,0.06,2.0,0.0,22.33,1.0,0.0,0.0,1.0,0.0,1.0,18.0,0.0,0.0,1.0,0.0,4.0,0.0,0.0,0.0,0.0,0.28,61.08,42.05,245.14,48.0,15.0,1.0,8.0,0.0,0.0,0.0,1.0,1.0,0.0,0.0,123.0,,0.0,0.0,4.0,7.0,0.0,0.0,1.0,0.0,0.0,0.0,2.0,0.5,53.0,14.0,14.0,0.15,1.0,0.0,,0.81
5216,Andrés Iniesta Luján,1,18242,217,Barcelona,2014/2015,2025-12-13T18:44:46.559698,52,43.0,305.3,21.62,0.0,56.0,0.89,17.0,23.0,1.0,0.04,6.0,5.0,96.62,1.0,1.0,1.0,5.0,2.0,1.0,8.0,5.0,0.0,1.0,0.0,2.0,0.0,0.0,0.0,0.0,0.0,70.4,22.37,112.2,22.0,20.0,1.0,12.0,0.0,2.0,0.0,0.0,2.0,0.0,0.0,97.0,,0.0,0.0,5.0,13.0,6.0,1.0,,0.0,0.0,0.0,1.0,1.0,51.0,6.0,9.0,0.07,1.0,1.0,,0.55
5470,Ivan Rakitić,1,18242,217,Barcelona,2014/2015,2025-12-13T18:44:47.304807,52,57.0,247.56,22.3,1.0,53.0,0.85,13.0,18.0,4.0,0.09,5.0,1.0,107.02,0.0,0.0,1.0,2.0,0.0,1.0,17.0,4.0,0.0,0.0,0.0,4.0,0.0,0.0,0.0,0.0,0.0,62.55,57.12,334.92,16.0,22.0,1.0,6.0,0.0,3.0,0.0,1.0,2.0,0.0,0.0,91.0,0.5,0.0,1.0,1.0,7.0,6.0,3.0,,1.0,0.0,0.0,2.0,,48.0,5.0,17.0,0.06,1.0,3.0,0.44,1.48
5503,Lionel Andrés Messi Cuccittini,4,18242,217,Barcelona,2014/2015,2025-12-13T18:44:48.044831,52,74.0,421.55,21.92,11.0,71.0,0.85,21.0,36.0,1.0,0.07,17.0,8.0,365.37,7.0,4.0,2.0,10.0,6.0,0.95,6.0,9.0,0.0,0.0,0.0,2.0,1.0,1.0,0.0,0.0,0.17,79.85,51.3,471.93,43.0,69.0,0.96,4.0,0.0,6.0,0.0,3.0,6.0,0.0,0.0,163.0,1.0,0.0,0.0,2.0,16.0,11.0,3.0,,0.0,0.0,0.0,1.0,,85.0,15.0,35.0,0.1,0.96,4.0,0.06,1.91
4320,Neymar da Silva Santos Junior,5,265835,217,Barcelona,2014/2015,2025-12-13T18:44:48.981470,47,71.0,307.72,22.62,6.0,55.0,0.73,6.0,30.0,3.0,0.38,13.0,4.0,266.96,4.0,5.0,2.0,8.0,6.0,0.98,13.0,4.0,0.0,0.0,0.0,9.0,0.0,0.0,0.0,0.0,0.08,83.83,22.32,208.35,28.0,96.0,0.98,11.0,0.0,7.0,0.0,1.0,7.0,0.0,1.0,124.0,,0.0,0.0,4.0,13.0,8.0,0.0,,0.0,0.0,0.0,0.0,,77.0,11.0,25.0,0.15,0.98,3.0,0.09,1.78
5203,Sergio Busquets i Burgos,0,265835,217,Barcelona,2014/2015,2025-12-13T18:44:49.980401,47,72.0,412.65,22.68,0.0,87.0,0.99,21.0,14.0,0.0,0.21,4.0,2.0,66.36,1.0,0.0,0.0,0.0,0.0,1.0,16.0,2.0,3.0,0.0,0.0,15.0,0.0,2.0,0.0,0.0,0.25,58.01,44.2,225.92,63.0,58.0,1.0,8.0,0.0,1.0,0.0,0.0,3.0,0.0,0.0,147.0,,0.0,0.0,8.0,13.0,1.0,2.0,,1.0,0.0,0.0,4.0,,80.0,19.0,20.0,0.12,1.0,0.0,,0.58
5470,Ivan Rakitić,1,265835,217,Barcelona,2014/2015,2025-12-13T18:44:50.980135,47,69.0,370.73,22.33,1.0,75.0,0.87,23.0,29.0,0.0,0.23,5.0,3.0,125.8,3.0,4.0,0.0,4.0,2.0,1.0,21.0,1.0,1.0,0.0,1.0,11.0,0.0,0.0,0.0,0.0,0.1,72.52,25.66,218.35,32.0,55.0,1.0,8.0,0.0,4.0,0.0,1.0,1.0,0.0,0.0,118.0,0.5,0.0,0.0,3.0,9.0,3.0,5.0,,1.0,0.0,0.0,0.0,,72.0,8.0,16.0,0.01,1.0,2.0,,0.77
5503,Lionel Andrés Messi Cuccittini,4,265835,217,Barcelona,2014/2015,2025-12-13T18:44:51.985511,47,71.0,406.6,22.28,7.0,71.0,0.93,17.0,43.0,1.0,0.35,16.0,11.0,281.33,8.0,6.0,4.0,11.0,7.0,0.89,10.0,5.0,0.0,1.0,0.0,4.0,0.0,0.0,0.0,0.0,0.0,84.22,55.65,287.09,59.0,117.0,0.9,12.0,0.0,6.0,0.0,0.0,4.0,0.0,1.0,149.0,,0.0,0.0,1.0,57.0,11.0,1.0,,0.0,0.0,0.0,1.0,1.0,95.0,18.0,26.0,0.09,0.9,3.0,0.01,1.95
20131,Xavier Hernández Creus,1,265835,217,Barcelona,2014/2015,2025-12-13T18:44:52.976655,47,68.0,440.71,21.65,0.0,87.0,0.9,24.0,31.0,1.0,0.26,12.0,6.0,203.18,3.0,2.0,2.0,3.0,1.0,1.0,17.0,9.0,0.0,0.0,1.0,7.0,0.0,0.0,0.0,0.0,0.12,69.07,51.58,232.15,28.0,72.0,1.0,7.0,0.0,2.0,0.0,0.0,0.0,0.0,0.0,137.0,0.67,0.0,0.0,2.0,30.0,8.0,0.0,,0.0,0.0,0.0,1.0,,77.0,9.0,19.0,0.09,1.0,1.0,,1.56
4320,Neymar da Silva Santos Junior,5,265866,217,Barcelona,2014/2015,2025-12-13T18:44:54.159601,47,56.0,321.77,21.26,4.0,51.0,0.78,6.0,30.0,1.0,0.14,11.0,3.0,209.44,3.0,3.0,1.0,8.0,6.0,0.97,10.0,2.0,0.0,1.0,0.0,4.0,0.0,0.0,0.0,0.0,0.0,82.53,19.52,162.03,24.0,56.0,0.96,14.0,1.0,4.0,0.0,1.0,6.0,0.0,3.0,108.0,,1.0,0.0,4.0,16.0,7.0,1.0,,0.0,0.0,0.0,1.0,1.0,69.0,8.0,17.0,0.18,0.96,2.0,0.06,3.42
5203,Sergio Busquets i Burgos,0,265866,217,Barcelona,2014/2015,2025-12-13T18:44:55.048691,47,67.0,387.27,21.07,0.0,73.0,0.97,13.0,21.0,0.0,0.14,5.0,4.0,96.38,1.0,2.0,2.0,2.0,1.0,1.0,18.0,0.0,0.0,1.0,0.0,5.0,0.0,1.0,0.0,3.0,0.17,62.11,36.26,208.45,64.0,45.0,1.0,4.0,0.0,1.0,0.0,0.0,2.0,0.0,0.0,101.0,,1.0,3.0,4.0,19.0,1.0,1.0,1.0,6.0,0.0,0.0,4.0,0.25,66.0,19.0,19.0,0.11,1.0,1.0,,2.7
5216,Andrés Iniesta Luján,1,265866,217,Barcelona,2014/2015,2025-12-13T18:44:55.930645,47,39.0,345.08,21.39,1.0,59.0,0.88,19.0,30.0,1.0,0.12,4.0,2.0,73.3,2.0,2.0,1.0,1.0,3.0,1.0,7.0,4.0,0.0,0.0,0.0,4.0,0.0,0.0,0.0,0.0,0.14,72.91,24.01,103.68,12.0,29.0,1.0,7.0,0.0,3.0,0.0,0.0,1.0,0.0,1.0,91.0,,0.0,1.0,4.0,7.0,6.0,2.0,1.0,0.0,0.0,0.0,1.0,,60.0,4.0,22.0,0.14,1.0,2.0,,1.02
5470,Ivan Rakitić,1,265866,217,Barcelona,2014/2015,2025-12-13T18:44:56.814869,47,61.0,332.19,23.12,0.0,70.0,0.84,9.0,29.0,4.0,0.04,6.0,1.0,100.83,0.0,1.0,0.0,1.0,2.0,1.0,14.0,4.0,1.0,0.0,0.0,4.0,0.0,1.0,0.0,0.0,0.07,71.23,53.95,295.7,24.0,16.0,1.0,11.0,0.0,6.0,0.0,0.0,3.0,0.0,0.0,91.0,0.43,0.0,1.0,5.0,8.0,9.0,2.0,1.0,0.0,0.0,0.0,1.0,,60.0,10.0,22.0,0.09,1.0,3.0,0.22,1.37
5503,Lionel Andrés Messi Cuccittini,4,265866,217,Barcelona,2014/2015,2025-12-13T18:44:57.696255,47,50.0,435.06,20.69,2.0,70.0,0.81,24.0,49.0,4.0,0.23,11.0,4.0,171.13,6.0,11.0,5.0,6.0,8.0,0.97,3.0,4.0,0.0,0.0,0.0,2.0,0.0,0.0,0.0,0.0,0.0,85.17,49.04,167.28,63.0,72.0,0.97,12.0,0.0,10.0,0.0,0.0,0.0,0.0,0.0,116.0,,0.0,0.0,0.0,92.0,14.0,0.0,,0.0,0.0,0.0,0.0,,91.0,22.0,38.0,0.12,0.97,4.0,0.33,2.96
3958,Pedro Eliezer Rodríguez Ledesma,4,265896,217,Barcelona,2014/2015,2025-12-13T18:44:58.786698,43,52.0,202.7,20.72,3.0,35.0,0.89,2.0,19.0,1.0,0.14,8.0,3.0,116.81,0.0,1.0,1.0,7.0,2.0,0.94,7.0,3.0,1.0,0.0,0.0,4.0,0.0,0.0,0.0,0.0,0.0,81.18,51.23,501.92,9.0,39.0,0.95,6.0,0.0,3.0,0.0,0.0,3.0,0.0,1.0,89.0,1.0,0.0,1.0,3.0,6.0,5.0,0.0,1.0,2.0,0.0,0.0,1.0,,48.0,5.0,11.0,0.3,0.95,1.0,0.14,1.03
4320,Neymar da Silva Santos Junior,5,265896,217,Barcelona,2014/2015,2025-12-13T18:44:59.616793,43,58.0,338.24,19.34,5.0,49.0,0.76,6.0,30.0,2.0,0.22,13.0,8.0,273.59,6.0,3.0,2.0,11.0,11.0,0.92,9.0,3.0,0.0,0.0,0.0,4.0,0.0,1.0,0.0,0.0,0.0,83.18,21.95,181.01,23.0,70.0,0.93,12.0,0.0,3.0,0.0,3.0,5.0,1.0,2.0,117.0,,0.0,1.0,3.0,9.0,10.0,0.0,,0.0,0.0,0.0,0.0,,72.0,11.0,26.0,0.22,0.93,1.0,0.05,0.93
5506,Javier Alejandro Mascherano,0,265896,217,Barcelona,2014/2015,2025-12-13T18:45:00.445906,43,58.0,354.78,21.82,0.0,73.0,0.96,23.0,14.0,0.0,0.07,9.0,3.0,121.01,1.0,0.0,0.0,1.0,0.0,1.0,9.0,3.0,2.0,2.0,0.0,5.0,0.0,3.0,0.0,0.0,0.0,56.56,37.63,321.29,27.0,26.0,1.0,4.0,0.0,0.0,0.0,2.0,1.0,0.0,0.0,124.0,,0.0,1.0,2.0,5.0,0.0,4.0,,3.0,0.0,0.0,3.0,0.67,56.0,8.0,19.0,0.1,1.0,0.0,,1.1
6379,Sergi Roberto Carnicer,1,265896,217,Barcelona,2014/2015,2025-12-13T18:45:01.274778,43,36.0,244.28,19.65,1.0,39.0,0.97,7.0,23.0,1.0,0.1,10.0,3.0,176.48,1.0,3.0,0.0,4.0,4.0,0.89,7.0,3.0,0.0,0.0,0.0,3.0,0.0,3.0,0.0,0.0,0.14,75.03,25.5,189.51,16.0,26.0,0.92,7.0,0.0,7.0,0.0,0.0,1.0,0.0,1.0,92.0,,0.0,2.0,4.0,9.0,1.0,0.0,,3.0,0.0,0.0,1.0,,44.0,5.0,11.0,0.17,0.92,4.0,0.01,0.51
20131,Xavier Hernández Creus,1,265896,217,Barcelona,2014/2015,2025-12-13T18:45:02.104401,43,71.0,596.04,19.03,3.0,100.0,0.9,27.0,66.0,4.0,0.04,15.0,5.0,237.8,1.0,1.0,1.0,5.0,0.0,0.86,10.0,5.0,1.0,0.0,1.0,5.0,0.0,0.0,0.0,0.0,0.1,76.21,49.85,248.46,45.0,24.0,0.92,13.0,0.0,7.0,0.0,0.0,1.0,0.0,0.0,169.0,0.43,0.0,0.0,7.0,73.0,12.0,5.0,,0.0,0.0,0.0,0.0,,98.0,13.0,28.0,0.09,0.92,3.0,0.26,1.87
4320,Neymar da Silva Santos Junior,5,265963,217,Barcelona,2014/2015,2025-12-13T18:45:03.125906,43,61.0,657.94,15.59,3.0,82.0,0.83,6.0,47.0,2.0,0.23,29.0,11.0,523.56,9.0,5.0,1.0,18.0,4.0,0.98,13.0,4.0,0.0,2.0,1.0,5.0,1.0,3.0,0.0,0.0,0.15,80.92,14.88,217.73,16.0,107.0,0.98,11.0,0.0,7.0,0.0,1.0,2.0,0.0,1.0,123.0,1.0,1.0,0.0,3.0,16.0,7.0,0.0,,0.0,0.0,0.0,2.0,1.0,99.0,4.0,35.0,0.18,0.98,5.0,0.04,1.07
5203,Sergio Busquets i Burgos,0,265963,217,Barcelona,2014/2015,2025-12-13T18:45:04.022417,43,32.0,269.84,18.46,0.0,48.0,0.96,16.0,13.0,1.0,0.08,3.0,0.0,48.87,0.0,0.0,0.0,0.0,0.0,1.0,4.0,2.0,0.0,0.0,0.0,2.0,0.0,0.0,0.0,0.0,0.0,61.59,40.92,232.92,33.0,12.0,1.0,5.0,0.0,2.0,0.0,0.0,0.0,0.0,0.0,41.0,1.0,0.0,0.0,0.0,6.0,2.0,3.0,,1.0,0.0,0.0,1.0,,42.0,9.0,16.0,0.09,1.0,0.0,0.07,0.6
5503,Lionel Andrés Messi Cuccittini,4,265963,217,Barcelona,2014/2015,2025-12-13T18:45:04.990676,43,57.0,350.95,22.23,3.0,70.0,0.87,11.0,42.0,4.0,0.23,11.0,5.0,138.95,3.0,9.0,5.0,9.0,8.0,0.97,3.0,3.0,0.0,0.0,0.0,2.0,0.0,0.0,0.0,0.0,0.0,86.04,55.78,357.03,42.0,76.0,0.99,13.0,0.0,9.0,0.0,1.0,5.0,0.0,3.0,81.0,1.0,0.0,0.0,1.0,43.0,10.0,2.0,0.33,1.0,0.0,0.0,0.0,,90.0,17.0,39.0,0.19,0.99,5.0,0.14,1.87
6998,Rafael Alcântara do Nascimento,1,265963,217,Barcelona,2014/2015,2025-12-13T18:45:05.888387,43,53.0,338.9,21.42,1.0,63.0,0.95,9.0,18.0,0.0,0.21,11.0,6.0,166.94,3.0,0.0,0.0,5.0,0.0,0.97,8.0,4.0,0.0,0.0,0.0,12.0,0.0,2.0,0.0,0.0,0.25,70.06,47.23,379.38,29.0,72.0,0.97,6.0,0.0,0.0,0.0,0.0,2.0,0.0,1.0,72.0,,0.0,1.0,3.0,30.0,1.0,1.0,,2.0,0.0,0.0,5.0,,60.0,8.0,11.0,0.2,0.97,0.0,,0.99
20131,Xavier Hernández Creus,1,265963,217,Barcelona,2014/2015,2025-12-13T18:45:06.782137,43,38.0,387.18,17.67,1.0,62.0,0.95,13.0,27.0,3.0,0.21,8.0,3.0,130.79,2.0,2.0,2.0,0.0,0.0,1.0,6.0,5.0,1.0,0.0,0.0,2.0,0.0,0.0,0.0,0.0,0.0,72.51,29.61,228.46,20.0,42.0,1.0,4.0,0.0,5.0,0.0,0.0,0.0,0.0,0.0,64.0,1.0,0.0,0.0,5.0,11.0,7.0,3.0,,0.0,0.0,0.0,0.0,,55.0,8.0,19.0,0.03,1.0,2.0,0.18,0.59
4320,Neymar da Silva Santos Junior,5,266045,217,Barcelona,2014/2015,2025-12-13T18:45:07.889758,54,71.0,331.81,18.44,4.0,47.0,0.72,12.0,32.0,3.0,0.17,16.0,9.0,284.14,2.0,3.0,2.0,11.0,4.0,0.95,19.0,7.0,2.0,3.0,0.0,15.0,0.0,0.0,0.0,0.0,0.16,78.65,21.44,195.21,23.0,54.0,0.96,19.0,0.0,8.0,0.0,3.0,3.0,0.0,1.0,128.0,,2.0,0.0,4.0,18.0,7.0,3.0,,2.0,0.0,0.0,4.0,0.75,63.0,7.0,13.0,0.12,0.96,4.0,0.33,1.27
5503,Lionel Andrés Messi Cuccittini,4,266045,217,Barcelona,2014/2015,2025-12-13T18:45:08.667127,54,53.0,332.74,15.51,9.0,36.0,0.58,16.0,26.0,1.0,0.36,13.0,8.0,237.81,2.0,5.0,1.0,10.0,11.0,0.88,9.0,3.0,0.0,0.0,0.0,5.0,0.0,1.0,0.0,0.0,0.0,82.42,50.35,281.48,41.0,63.0,0.92,16.0,0.0,7.0,0.0,0.0,2.0,0.0,1.0,120.0,,0.0,0.0,5.0,35.0,14.0,1.0,,0.0,0.0,0.0,1.0,,70.0,17.0,18.0,0.22,0.92,3.0,0.29,1.81
5506,Javier Alejandro Mascherano,0,266045,217,Barcelona,2014/2015,2025-12-13T18:45:09.445572,54,64.0,288.39,22.05,0.0,60.0,0.88,23.0,8.0,0.0,0.28,10.0,4.0,163.49,0.0,0.0,0.0,0.0,0.0,1.0,19.0,5.0,1.0,1.0,0.0,6.0,0.0,3.0,0.0,0.0,0.11,48.97,38.61,312.98,38.0,43.0,1.0,13.0,0.0,0.0,0.0,1.0,0.0,1.0,0.0,104.0,,0.0,2.0,2.0,3.0,1.0,2.0,,2.0,0.0,0.0,3.0,0.33,45.0,10.0,8.0,0.02,1.0,0.0,,1.23
6998,Rafael Alcântara do Nascimento,1,266045,217,Barcelona,2014/2015,2025-12-13T18:45:10.219913,54,50.0,313.69,18.55,2.0,47.0,0.91,4.0,13.0,0.0,0.23,10.0,6.0,191.12,0.0,0.0,0.0,3.0,0.0,0.95,18.0,5.0,0.0,0.0,0.0,5.0,0.0,0.0,1.0,0.0,0.0,66.96,56.57,246.06,11.0,54.0,0.96,4.0,0.0,1.0,0.0,0.0,5.0,0.0,1.0,87.0,,0.0,1.0,5.0,9.0,1.0,1.0,,5.0,0.0,0.0,0.0,,52.0,3.0,14.0,0.22,0.96,0.0,,0.74
20131,Xavier Hernández Creus,1,266045,217,Barcelona,2014/2015,2025-12-13T18:45:10.993528,54,53.0,274.57,25.57,0.0,66.0,0.76,24.0,33.0,2.0,0.17,8.0,4.0,130.65,2.0,0.0,0.0,2.0,0.0,1.0,8.0,6.0,0.0,0.0,0.0,4.0,1.0,0.0,0.0,0.0,0.12,69.85,28.76,270.06,23.0,32.0,1.0,11.0,0.0,1.0,0.0,0.0,1.0,0.0,1.0,96.0,0.2,0.0,0.0,2.0,5.0,16.0,6.0,1.0,0.0,0.0,0.0,0.0,,51.0,7.0,19.0,0.06,1.0,1.0,0.1,1.69
4320,Neymar da Silva Santos Junior,5,266117,217,Barcelona,2014/2015,2025-12-13T18:45:11.971091,49,56.0,342.57,16.11,0.0,43.0,0.65,4.0,33.0,0.0,0.09,17.0,7.0,346.45,4.0,4.0,0.0,14.0,8.0,1.0,13.0,4.0,0.0,0.0,0.0,4.0,0.0,1.0,0.0,0.0,0.08,89.89,21.89,198.27,18.0,47.0,1.0,8.0,0.0,10.0,0.0,1.0,4.0,0.0,0.0,83.0,,0.0,0.0,5.0,17.0,8.0,2.0,,0.0,0.0,0.0,2.0,,60.0,7.0,17.0,0.08,1.0,4.0,,1.05
5203,Sergio Busquets i Burgos,0,266117,217,Barcelona,2014/2015,2025-12-13T18:45:12.738845,49,52.0,332.77,21.46,2.0,64.0,0.95,13.0,15.0,0.0,0.05,4.0,2.0,75.7,0.0,0.0,0.0,0.0,0.0,0.78,11.0,4.0,0.0,2.0,0.0,7.0,0.0,0.0,0.0,0.0,0.09,60.2,42.96,265.74,63.0,21.0,0.9,5.0,0.0,0.0,0.0,1.0,1.0,0.0,1.0,96.0,,0.0,0.0,3.0,11.0,0.0,3.0,,1.0,0.0,0.0,4.0,0.5,56.0,18.0,15.0,0.08,0.9,0.0,,0.72
5470,Ivan Rakitić,1,266117,217,Barcelona,2014/2015,2025-12-13T18:45:13.506614,49,40.0,222.32,22.4,1.0,46.0,0.87,9.0,20.0,0.0,0.07,2.0,0.0,25.2,2.0,0.0,0.0,1.0,2.0,1.0,10.0,4.0,0.0,1.0,0.0,3.0,0.0,0.0,0.0,0.0,0.2,77.73,55.9,272.02,7.0,23.0,1.0,8.0,0.0,0.0,0.0,0.0,0.0,0.0,0.0,99.0,,0.0,0.0,4.0,6.0,4.0,2.0,,0.0,0.0,0.0,2.0,0.5,40.0,2.0,16.0,0.12,1.0,0.0,,0.75
6616,Munir El Haddadi Mohamed,4,266117,217,Barcelona,2014/2015,2025-12-13T18:45:14.273659,49,43.0,107.38,21.79,1.0,18.0,0.78,0.0,12.0,0.0,0.22,2.0,1.0,37.99,1.0,3.0,0.0,2.0,4.0,0.9,11.0,2.0,1.0,0.0,0.0,6.0,0.0,1.0,0.0,0.0,0.18,92.38,60.3,214.15,7.0,30.0,0.93,5.0,0.0,5.0,0.0,0.0,1.0,0.0,0.0,69.0,,0.0,0.0,1.0,8.0,2.0,0.0,,3.0,0.0,0.0,3.0,,35.0,2.0,11.0,0.17,0.93,2.0,,1.84
20131,Xavier Hernández Creus,1,266117,217,Barcelona,2014/2015,2025-12-13T18:45:15.041718,49,69.0,432.65,24.13,1.0,93.0,0.89,30.0,50.0,1.0,0.09,6.0,2.0,92.35,0.0,5.0,2.0,0.0,0.0,1.0,11.0,4.0,0.0,0.0,1.0,1.0,0.0,0.0,0.0,0.0,0.0,75.55,26.3,184.98,35.0,35.0,1.0,11.0,0.0,4.0,0.0,0.0,1.0,0.0,0.0,161.0,0.67,0.0,0.0,4.0,22.0,13.0,2.0,,0.0,0.0,0.0,1.0,,84.0,13.0,25.0,0.04,1.0,2.0,0.05,1.33
4320,Neymar da Silva Santos Junior,5,266142,217,Barcelona,2014/2015,2025-12-13T18:45:16.010916,50,50.0,341.9,21.41,8.0,53.0,0.91,7.0,24.0,5.0,0.09,18.0,10.0,327.04,5.0,3.0,2.0,9.0,5.0,0.85,9.0,6.0,0.0,1.0,0.0,8.0,0.0,3.0,0.0,0.0,0.22,76.82,17.02,170.89,6.0,60.0,0.83,5.0,0.0,3.0,0.0,0.0,6.0,0.0,4.0,115.0,,0.0,0.0,3.0,3.0,5.0,0.0,,0.0,0.0,0.0,2.0,0.5,69.0,1.0,27.0,0.23,0.83,2.0,0.34,0.6
5203,Sergio Busquets i Burgos,0,266142,217,Barcelona,2014/2015,2025-12-13T18:45:16.863075,50,82.0,360.08,24.33,0.0,83.0,0.98,17.0,12.0,1.0,0.07,2.0,1.0,23.31,1.0,1.0,1.0,0.0,0.0,1.0,26.0,4.0,2.0,0.0,1.0,16.0,0.0,5.0,0.0,0.0,0.12,60.49,35.75,236.75,49.0,33.0,1.0,3.0,0.0,0.0,0.0,5.0,4.0,1.0,1.0,125.0,,0.0,0.0,2.0,9.0,0.0,2.0,,4.0,0.0,0.0,1.0,,75.0,16.0,30.0,0.13,1.0,0.0,0.02,0.98
5216,Andrés Iniesta Luján,1,266142,217,Barcelona,2014/2015,2025-12-13T18:45:17.715526,50,57.0,451.42,20.34,4.0,83.0,0.92,18.0,25.0,0.0,0.12,14.0,9.0,306.79,0.0,3.0,1.0,7.0,1.0,0.85,8.0,3.0,0.0,0.0,0.0,2.0,0.0,2.0,0.0,0.0,0.0,67.07,20.33,169.42,14.0,38.0,0.89,7.0,0.0,4.0,0.0,0.0,3.0,0.0,0.0,135.0,,0.0,0.0,3.0,0.0,4.0,1.0,,0.0,0.0,0.0,0.0,,89.0,6.0,29.0,0.12,0.89,2.0,,0.97
5470,Ivan Rakitić,1,266142,217,Barcelona,2014/2015,2025-12-13T18:45:18.568490,50,62.0,274.34,22.31,3.0,61.0,0.9,8.0,13.0,0.0,0.1,4.0,3.0,60.29,0.0,2.0,0.0,3.0,0.0,0.83,15.0,4.0,0.0,1.0,0.0,9.0,0.0,2.0,1.0,0.0,0.13,66.55,48.98,218.46,36.0,23.0,0.96,2.0,0.0,5.0,0.0,0.0,2.0,0.0,1.0,79.0,,0.0,2.0,3.0,17.0,3.0,1.0,,0.0,0.0,0.0,3.0,0.33,62.0,12.0,25.0,0.12,0.96,3.0,,0.74
5503,Lionel Andrés Messi Cuccittini,4,266142,217,Barcelona,2014/2015,2025-12-13T18:45:19.424760,50,66.0,373.83,24.24,1.0,76.0,0.87,15.0,24.0,1.0,0.21,17.0,13.0,343.02,5.0,5.0,0.0,9.0,5.0,1.0,9.0,3.0,0.0,0.0,0.0,5.0,0.0,0.0,1.0,0.0,0.11,73.84,47.98,336.67,52.0,74.0,1.0,9.0,0.0,9.0,0.0,0.0,5.0,0.0,1.0,110.0,1.0,0.0,0.0,4.0,44.0,11.0,1.0,,0.0,0.0,0.0,1.0,,88.0,14.0,41.0,0.19,1.0,4.0,0.08,0.97
4320,Neymar da Silva Santos Junior,5,266148,217,Barcelona,2014/2015,2025-12-13T18:45:20.474737,54,82.0,539.88,19.34,10.0,82.0,0.82,14.0,68.0,3.0,0.27,24.0,3.0,378.4,13.0,1.0,2.0,19.0,2.0,0.93,15.0,5.0,0.0,1.0,0.0,10.0,0.0,1.0,0.0,0.0,0.0,90.55,16.18,258.76,4.0,130.0,0.95,23.0,0.0,3.0,0.0,3.0,7.0,1.0,4.0,213.0,0.38,0.0,0.0,4.0,2.0,20.0,3.0,,3.0,0.0,0.0,1.0,1.0,102.0,2.0,28.0,0.09,0.95,1.0,0.28,0.68
5203,Sergio Busquets i Burgos,0,266148,217,Barcelona,2014/2015,2025-12-13T18:45:21.396381,54,70.0,393.86,21.48,1.0,77.0,0.9,32.0,25.0,1.0,0.18,11.0,4.0,165.31,1.0,1.0,1.0,3.0,0.0,0.92,17.0,7.0,2.0,1.0,0.0,13.0,0.0,4.0,0.0,0.0,0.18,59.2,39.01,396.51,41.0,40.0,0.98,7.0,0.0,0.0,0.0,0.0,1.0,0.0,1.0,133.0,,0.0,2.0,0.0,19.0,0.0,9.0,,4.0,0.0,0.0,4.0,0.25,58.0,12.0,15.0,0.14,0.98,0.0,0.05,0.32
5216,Andrés Iniesta Luján,1,266148,217,Barcelona,2014/2015,2025-12-13T18:45:22.324950,54,44.0,255.89,21.81,1.0,47.0,0.85,21.0,32.0,0.0,0.36,10.0,10.0,175.12,0.0,0.0,0.0,9.0,2.0,0.95,10.0,3.0,1.0,0.0,0.0,10.0,0.0,1.0,0.0,0.0,0.1,78.37,24.23,161.48,17.0,44.0,0.95,8.0,0.0,0.0,0.0,1.0,1.0,0.0,0.0,75.0,,0.0,0.0,4.0,9.0,9.0,2.0,,0.0,0.0,0.0,0.0,,49.0,4.0,11.0,0.19,0.95,0.0,,0.23
5503,Lionel Andrés Messi Cuccittini,4,266148,217,Barcelona,2014/2015,2025-12-13T18:45:23.249210,54,61.0,350.34,24.83,5.0,67.0,0.66,26.0,49.0,1.0,0.46,21.0,12.0,346.0,8.0,1.0,1.0,13.0,4.0,0.91,4.0,3.0,0.0,0.0,0.0,1.0,0.0,0.0,0.0,0.0,0.25,80.52,57.7,242.73,21.0,119.0,0.93,23.0,0.0,2.0,0.0,0.0,1.0,0.0,0.0,132.0,1.0,0.0,0.0,0.0,42.0,16.0,6.0,0.12,1.0,0.0,0.0,0.0,,76.0,7.0,15.0,0.08,0.93,1.0,0.17,0.41
6998,Rafael Alcântara do Nascimento,1,266148,217,Barcelona,2014/2015,2025-12-13T18:45:24.171683,54,47.0,185.74,22.61,1.0,35.0,0.89,10.0,14.0,0.0,0.46,9.0,6.0,147.7,2.0,0.0,0.0,2.0,0.0,0.95,9.0,7.0,0.0,0.0,1.0,2.0,0.0,1.0,0.0,0.0,0.11,70.33,52.1,428.56,13.0,56.0,0.96,9.0,0.0,1.0,0.0,1.0,2.0,1.0,1.0,82.0,,0.0,2.0,3.0,12.0,2.0,1.0,,2.0,0.0,0.0,2.0,,37.0,3.0,14.0,0.11,0.96,0.0,,0.27
4320,Neymar da Silva Santos Junior,5,266230,217,Barcelona,2014/2015,2025-12-13T18:45:25.311736,51,53.0,368.51,16.77,4.0,45.0,0.84,3.0,29.0,1.0,0.2,17.0,10.0,315.48,7.0,2.0,0.0,15.0,3.0,0.95,14.0,1.0,1.0,1.0,1.0,9.0,0.0,0.0,0.0,0.0,0.14,84.19,14.81,146.43,9.0,83.0,0.95,12.0,0.0,3.0,0.0,0.0,5.0,0.0,2.0,96.0,,0.0,0.0,2.0,7.0,7.0,0.0,1.0,1.0,0.0,0.0,2.0,0.5,66.0,5.0,16.0,0.13,0.95,2.0,0.09,0.65
5203,Sergio Busquets i Burgos,0,266230,217,Barcelona,2014/2015,2025-12-13T18:45:26.163189,51,65.0,472.06,17.79,1.0,78.0,0.92,18.0,18.0,1.0,0.1,3.0,2.0,51.09,0.0,1.0,1.0,0.0,0.0,0.91,16.0,3.0,3.0,0.0,0.0,10.0,0.0,0.0,0.0,1.0,0.0,59.87,34.06,240.47,55.0,38.0,0.97,13.0,0.0,0.0,0.0,1.0,2.0,0.0,0.0,109.0,,0.0,2.0,7.0,2.0,2.0,1.0,,2.0,0.0,0.0,1.0,,68.0,15.0,14.0,0.13,0.97,0.0,0.13,0.94
5216,Andrés Iniesta Luján,1,266230,217,Barcelona,2014/2015,2025-12-13T18:45:27.015261,51,48.0,334.08,22.63,1.0,65.0,0.92,17.0,26.0,1.0,0.06,6.0,5.0,104.26,1.0,1.0,1.0,4.0,2.0,1.0,12.0,7.0,0.0,0.0,1.0,4.0,1.0,0.0,0.0,0.0,0.0,71.97,19.25,122.12,12.0,30.0,1.0,6.0,0.0,3.0,0.0,1.0,0.0,0.0,0.0,124.0,,0.0,0.0,4.0,7.0,4.0,0.0,,0.0,0.0,0.0,0.0,,63.0,3.0,16.0,0.15,1.0,1.0,0.23,0.4
5470,Ivan Rakitić,1,266230,217,Barcelona,2014/2015,2025-12-13T18:45:27.864743,51,62.0,331.81,20.79,1.0,63.0,0.89,11.0,16.0,3.0,0.02,4.0,1.0,55.91,1.0,3.0,1.0,0.0,1.0,0.88,23.0,7.0,2.0,0.0,1.0,8.0,0.0,1.0,0.0,0.0,0.04,67.79,50.51,285.5,43.0,14.0,0.93,7.0,0.0,6.0,0.0,1.0,1.0,0.0,0.0,65.0,0.33,0.0,0.0,5.0,12.0,6.0,2.0,,0.0,0.0,0.0,1.0,,56.0,13.0,18.0,0.15,0.93,4.0,0.45,1.04
5503,Lionel Andrés Messi Cuccittini,4,266230,217,Barcelona,2014/2015,2025-12-13T18:45:28.712150,51,63.0,354.53,22.0,5.0,61.0,0.74,18.0,33.0,0.0,0.11,14.0,7.0,259.34,2.0,4.0,0.0,10.0,8.0,0.95,7.0,4.0,1.0,1.0,1.0,4.0,0.0,0.0,0.0,0.0,0.0,79.81,57.66,197.92,38.0,72.0,0.97,13.0,0.0,9.0,0.0,1.0,3.0,0.0,0.0,114.0,1.0,0.0,0.0,3.0,52.0,10.0,3.0,,1.0,0.0,0.0,1.0,1.0,86.0,14.0,21.0,0.15,0.97,3.0,,1.31
3958,Pedro Eliezer Rodríguez Ledesma,5,266240,217,Barcelona,2014/2015,2025-12-13T18:45:29.751220,50,42.0,221.77,21.91,4.0,40.0,0.72,7.0,23.0,1.0,0.08,4.0,2.0,55.12,0.0,3.0,1.0,3.0,3.0,0.89,5.0,2.0,0.0,0.0,0.0,5.0,0.0,0.0,0.0,0.0,0.0,87.05,21.21,398.72,3.0,27.0,0.93,11.0,0.0,5.0,0.0,1.0,1.0,0.0,1.0,87.0,,0.0,1.0,2.0,3.0,4.0,1.0,,4.0,0.0,0.0,0.0,,49.0,2.0,14.0,0.28,0.93,3.0,0.04,0.29
5203,Sergio Busquets i Burgos,0,266240,217,Barcelona,2014/2015,2025-12-13T18:45:30.535203,50,71.0,215.49,24.22,1.0,54.0,0.94,19.0,11.0,1.0,0.04,2.0,0.0,26.26,0.0,1.0,1.0,0.0,0.0,0.5,22.0,2.0,1.0,2.0,0.0,7.0,0.0,2.0,0.0,0.0,0.14,56.6,38.24,412.65,29.0,17.0,0.88,8.0,0.0,0.0,0.0,2.0,0.0,0.0,0.0,93.0,,0.0,2.0,2.0,7.0,1.0,0.0,,1.0,0.0,0.0,6.0,0.33,41.0,11.0,12.0,0.1,0.88,0.0,0.01,0.29
5216,Andrés Iniesta Luján,1,266240,217,Barcelona,2014/2015,2025-12-13T18:45:31.314129,50,71.0,595.32,19.45,5.0,96.0,0.89,38.0,48.0,1.0,0.07,17.0,10.0,265.75,3.0,4.0,2.0,8.0,1.0,0.94,10.0,11.0,0.0,0.0,0.0,3.0,0.0,1.0,0.0,0.0,0.1,71.58,23.84,189.82,32.0,72.0,0.94,13.0,0.0,6.0,0.0,0.0,5.0,0.0,2.0,201.0,,0.0,2.0,2.0,20.0,7.0,1.0,1.0,0.0,0.0,0.0,1.0,,98.0,11.0,29.0,0.12,0.94,3.0,0.18,0.48
6616,Munir El Haddadi Mohamed,4,266240,217,Barcelona,2014/2015,2025-12-13T18:45:32.090793,50,25.0,106.05,19.8,3.0,16.0,0.69,2.0,13.0,0.0,,3.0,3.0,42.14,2.0,0.0,0.0,2.0,0.0,0.67,9.0,2.0,0.0,0.0,0.0,7.0,1.0,1.0,0.0,0.0,0.11,90.64,62.24,132.63,8.0,12.0,0.83,5.0,0.0,0.0,0.0,0.0,0.0,0.0,0.0,49.0,,0.0,1.0,0.0,8.0,4.0,0.0,,0.0,0.0,0.0,1.0,,24.0,5.0,4.0,0.19,0.83,0.0,,0.11
20131,Xavier Hernández Creus,1,266240,217,Barcelona,2014/2015,2025-12-13T18:45:32.870082,50,72.0,555.67,18.46,3.0,92.0,0.95,26.0,46.0,3.0,0.04,19.0,7.0,359.71,0.0,0.0,1.0,7.0,2.0,1.0,8.0,5.0,0.0,0.0,0.0,4.0,0.0,0.0,0.0,0.0,0.0,72.65,50.46,258.28,57.0,32.0,1.0,11.0,0.0,1.0,0.0,1.0,3.0,0.0,1.0,182.0,0.71,0.0,2.0,7.0,57.0,7.0,0.0,,1.0,0.0,0.0,1.0,,92.0,14.0,17.0,0.07,1.0,0.0,0.06,0.57
4320,Neymar da Silva Santos Junior,5,266320,217,Barcelona,2014/2015,2025-12-13T18:45:33.856254,42,50.0,593.54,16.88,2.0,75.0,0.79,9.0,45.0,0.0,0.11,30.0,11.0,560.4,11.0,0.0,0.0,18.0,7.0,0.97,5.0,6.0,0.0,1.0,0.0,5.0,0.0,0.0,0.0,0.0,0.0,84.44,15.15,112.4,11.0,82.0,0.98,17.0,0.0,0.0,0.0,0.0,5.0,0.0,3.0,82.0,,0.0,0.0,3.0,7.0,11.0,1.0,,1.0,0.0,0.0,2.0,0.5,89.0,5.0,34.0,0.18,0.98,0.0,,0.64
5203,Sergio Busquets i Burgos,0,266320,217,Barcelona,2014/2015,2025-12-13T18:45:34.929708,42,69.0,494.9,20.13,3.0,88.0,0.98,19.0,22.0,1.0,0.17,4.0,3.0,52.9,0.0,1.0,1.0,1.0,0.0,0.87,12.0,7.0,0.0,2.0,0.0,7.0,0.0,0.0,1.0,0.0,0.25,58.7,37.01,278.15,60.0,60.0,0.92,8.0,0.0,1.0,0.0,1.0,1.0,0.0,1.0,125.0,,0.0,7.0,4.0,17.0,1.0,2.0,1.0,1.0,0.0,0.0,6.0,0.33,72.0,15.0,25.0,0.07,0.92,1.0,0.07,0.57
5470,Ivan Rakitić,1,266320,217,Barcelona,2014/2015,2025-12-13T18:45:36.001957,42,45.0,500.16,20.63,1.0,89.0,0.92,13.0,36.0,2.0,0.13,7.0,5.0,110.87,1.0,1.0,1.0,3.0,3.0,1.0,7.0,7.0,0.0,0.0,0.0,7.0,0.0,1.0,0.0,0.0,0.0,71.16,53.29,196.69,39.0,42.0,1.0,9.0,0.0,3.0,0.0,0.0,0.0,0.0,0.0,134.0,0.75,0.0,0.0,2.0,35.0,7.0,5.0,1.0,1.0,0.0,0.0,2.0,,78.0,14.0,26.0,0.07,1.0,1.0,0.08,0.49
5503,Lionel Andrés Messi Cuccittini,4,266320,217,Barcelona,2014/2015,2025-12-13T18:45:37.072542,42,59.0,614.46,18.94,2.0,89.0,0.87,27.0,60.0,1.0,0.21,18.0,10.0,307.81,8.0,6.0,2.0,11.0,3.0,0.98,11.0,0.0,0.0,0.0,0.0,3.0,0.0,0.0,0.0,0.0,0.0,81.74,48.46,230.17,100.0,101.0,0.98,5.0,0.0,9.0,0.0,0.0,4.0,0.0,0.0,167.0,,0.0,0.0,1.0,109.0,12.0,3.0,,0.0,0.0,1.0,1.0,,113.0,31.0,54.0,0.17,0.98,5.0,0.16,0.95
20131,Xavier Hernández Creus,1,266320,217,Barcelona,2014/2015,2025-12-13T18:45:38.144423,42,64.0,777.84,19.13,4.0,129.0,0.95,22.0,51.0,3.0,0.13,24.0,9.0,366.4,0.0,2.0,3.0,7.0,3.0,1.0,6.0,7.0,0.0,0.0,0.0,4.0,0.0,0.0,0.0,0.0,0.0,70.58,35.75,399.72,28.0,45.0,1.0,13.0,0.0,3.0,0.0,0.0,1.0,0.0,0.0,174.0,,0.0,1.0,4.0,37.0,6.0,4.0,,0.0,0.0,0.0,0.0,,120.0,8.0,43.0,0.07,1.0,1.0,0.16,1.0
3958,Pedro Eliezer Rodríguez Ledesma,4,266406,217,Barcelona,2014/2015,2025-12-13T18:45:39.410898,48,51.0,187.5,24.0,6.0,34.0,0.82,3.0,22.0,1.0,0.15,2.0,1.0,26.38,1.0,1.0,0.0,1.0,6.0,0.76,12.0,3.0,0.0,0.0,0.0,6.0,0.0,0.0,0.0,0.0,0.08,86.4,38.53,582.23,6.0,43.0,0.81,3.0,0.0,3.0,0.0,2.0,2.0,1.0,0.0,90.0,,0.0,0.0,3.0,10.0,4.0,0.0,,0.0,0.0,0.0,2.0,,53.0,4.0,24.0,0.24,0.81,2.0,0.06,0.22
5203,Sergio Busquets i Burgos,0,266406,217,Barcelona,2014/2015,2025-12-13T18:45:40.224218,48,68.0,480.03,20.0,1.0,87.0,0.92,41.0,24.0,0.0,0.06,11.0,6.0,174.47,0.0,0.0,0.0,1.0,0.0,1.0,18.0,8.0,1.0,1.0,1.0,18.0,0.0,4.0,1.0,0.0,0.17,60.11,36.47,200.5,69.0,28.0,0.96,7.0,0.0,0.0,0.0,0.0,4.0,0.0,3.0,109.0,,0.0,0.0,2.0,7.0,0.0,13.0,,0.0,0.0,0.0,3.0,0.33,69.0,12.0,19.0,0.08,0.96,0.0,,1.82
5470,Ivan Rakitić,1,266406,217,Barcelona,2014/2015,2025-12-13T18:45:41.038361,48,72.0,550.1,22.58,1.0,112.0,0.91,31.0,52.0,3.0,0.04,7.0,4.0,88.63,0.0,1.0,0.0,2.0,1.0,1.0,9.0,9.0,2.0,0.0,0.0,7.0,0.0,0.0,0.0,0.0,0.0,73.55,59.44,307.19,27.0,24.0,1.0,16.0,0.0,5.0,0.0,4.0,2.0,0.0,0.0,151.0,0.86,0.0,0.0,4.0,11.0,9.0,8.0,0.5,1.0,0.0,0.0,0.0,,93.0,8.0,22.0,0.12,1.0,3.0,0.23,2.79
6616,Munir El Haddadi Mohamed,5,266406,217,Barcelona,2014/2015,2025-12-13T18:45:41.848093,48,38.0,128.84,17.7,10.0,15.0,0.93,1.0,9.0,0.0,0.07,3.0,1.0,37.45,0.0,2.0,0.0,3.0,1.0,0.43,12.0,2.0,0.0,0.0,0.0,4.0,0.0,2.0,0.0,0.0,0.17,89.19,40.55,595.66,16.0,38.0,0.63,12.0,0.0,1.0,0.0,0.0,1.0,0.0,0.0,50.0,,0.0,0.0,1.0,6.0,0.0,0.0,,1.0,0.0,0.0,2.0,,38.0,7.0,4.0,0.0,0.63,0.0,,0.18
6998,Rafael Alcântara do Nascimento,1,266406,217,Barcelona,2014/2015,2025-12-13T18:45:42.662947,48,48.0,323.12,19.31,1.0,52.0,0.9,12.0,27.0,1.0,,5.0,3.0,95.99,1.0,1.0,1.0,5.0,1.0,0.93,13.0,0.0,2.0,0.0,0.0,4.0,0.0,1.0,0.0,0.0,0.08,80.39,17.8,146.71,14.0,21.0,0.9,15.0,0.0,1.0,0.0,2.0,2.0,0.0,0.0,96.0,,0.0,0.0,3.0,3.0,2.0,2.0,,0.0,0.0,0.0,1.0,,56.0,3.0,11.0,0.18,0.9,0.0,0.11,1.33
4320,Neymar da Silva Santos Junior,5,266525,217,Barcelona,2014/2015,2025-12-13T18:45:43.699906,58,68.0,401.41,18.53,9.0,59.0,0.86,6.0,35.0,1.0,0.24,13.0,7.0,248.67,4.0,2.0,2.0,7.0,2.0,0.86,13.0,3.0,1.0,1.0,0.0,9.0,0.0,0.0,0.0,0.0,0.15,77.36,22.62,380.31,23.0,87.0,0.9,8.0,0.0,2.0,0.0,2.0,5.0,0.0,0.0,130.0,1.0,1.0,1.0,10.0,12.0,4.0,1.0,,1.0,0.0,0.0,4.0,0.25,75.0,9.0,19.0,0.18,0.9,1.0,0.41,1.79
5203,Sergio Busquets i Burgos,1,266525,217,Barcelona,2014/2015,2025-12-13T18:45:44.700592,58,68.0,397.2,23.56,2.0,82.0,0.91,22.0,14.0,0.0,0.27,5.0,2.0,71.25,1.0,0.0,0.0,0.0,0.0,0.97,12.0,5.0,0.0,0.0,0.0,2.0,0.0,2.0,0.0,0.0,0.08,58.95,48.51,233.38,61.0,98.0,0.98,10.0,0.0,0.0,0.0,1.0,6.0,0.0,2.0,157.0,,0.0,3.0,6.0,6.0,1.0,1.0,,3.0,0.0,0.0,0.0,,75.0,18.0,17.0,0.17,0.98,0.0,,0.53
5503,Lionel Andrés Messi Cuccittini,4,266525,217,Barcelona,2014/2015,2025-12-13T18:45:45.698485,58,63.0,533.03,20.15,12.0,77.0,0.87,20.0,35.0,3.0,0.27,26.0,14.0,493.28,10.0,4.0,1.0,18.0,9.0,0.94,8.0,8.0,1.0,0.0,0.0,7.0,0.0,2.0,0.0,0.0,0.12,77.97,51.14,315.04,61.0,138.0,0.94,11.0,0.0,6.0,0.0,1.0,6.0,0.0,2.0,204.0,,0.0,0.0,6.0,45.0,11.0,0.0,,1.0,0.0,0.0,0.0,,98.0,17.0,29.0,0.11,0.94,3.0,0.16,2.1
5506,Javier Alejandro Mascherano,0,266525,217,Barcelona,2014/2015,2025-12-13T18:45:46.757943,58,64.0,364.92,19.07,0.0,65.0,0.85,21.0,5.0,0.0,0.45,7.0,5.0,103.31,0.0,0.0,0.0,1.0,0.0,1.0,17.0,1.0,0.0,0.0,0.0,14.0,0.0,4.0,2.0,1.0,0.18,46.5,32.27,196.7,37.0,77.0,1.0,12.0,0.0,0.0,0.0,1.0,1.0,1.0,0.0,107.0,,0.0,4.0,2.0,4.0,1.0,1.0,,1.0,0.0,0.0,6.0,,55.0,11.0,7.0,0.1,1.0,0.0,,0.2
20131,Xavier Hernández Creus,1,266525,217,Barcelona,2014/2015,2025-12-13T18:45:47.767605,58,56.0,370.46,19.11,1.0,63.0,0.92,13.0,13.0,3.0,0.37,5.0,5.0,104.48,0.0,0.0,0.0,3.0,0.0,1.0,17.0,3.0,0.0,0.0,0.0,9.0,0.0,2.0,0.0,0.0,0.0,61.2,27.07,172.03,38.0,69.0,1.0,3.0,0.0,5.0,0.0,0.0,1.0,0.0,0.0,119.0,1.0,0.0,1.0,7.0,3.0,4.0,0.0,1.0,2.0,0.0,0.0,0.0,,65.0,13.0,17.0,0.03,1.0,3.0,0.34,0.56
4320,Neymar da Silva Santos Junior,5,266531,217,Barcelona,2014/2015,2025-12-13T18:45:48.969542,47,72.0,366.24,21.79,4.0,64.0,0.84,4.0,31.0,1.0,0.16,17.0,6.0,285.01,2.0,1.0,0.0,11.0,4.0,1.0,12.0,7.0,0.0,1.0,0.0,8.0,0.0,0.0,0.0,0.0,0.17,79.69,16.13,218.41,10.0,52.0,1.0,20.0,1.0,6.0,0.0,0.0,3.0,0.0,0.0,115.0,0.5,1.0,0.0,11.0,2.0,7.0,1.0,,0.0,0.0,0.0,2.0,0.5,85.0,4.0,14.0,0.18,1.0,1.0,0.18,1.86
5203,Sergio Busquets i Burgos,0,266531,217,Barcelona,2014/2015,2025-12-13T18:45:49.897602,47,66.0,326.66,23.69,2.0,73.0,0.93,17.0,9.0,1.0,0.23,2.0,1.0,28.12,1.0,3.0,3.0,0.0,0.0,0.95,16.0,5.0,0.0,0.0,0.0,9.0,0.0,0.0,0.0,0.0,0.12,57.77,41.27,261.24,45.0,58.0,0.97,4.0,0.0,0.0,0.0,3.0,1.0,1.0,0.0,91.0,,0.0,1.0,4.0,11.0,1.0,2.0,,3.0,0.0,0.0,4.0,,61.0,13.0,23.0,0.15,0.97,0.0,0.21,0.74
5216,Andrés Iniesta Luján,1,266531,217,Barcelona,2014/2015,2025-12-13T18:45:50.821126,47,67.0,439.22,25.0,1.0,94.0,0.91,22.0,28.0,0.0,0.17,4.0,2.0,54.61,0.0,1.0,1.0,2.0,0.0,1.0,16.0,4.0,0.0,2.0,0.0,13.0,0.0,1.0,0.0,0.0,0.25,65.58,31.47,379.15,23.0,63.0,1.0,10.0,0.0,0.0,0.0,1.0,3.0,0.0,0.0,130.0,,0.0,0.0,3.0,12.0,4.0,4.0,,0.0,0.0,0.0,5.0,0.4,91.0,9.0,28.0,0.1,1.0,0.0,,1.29
5503,Lionel Andrés Messi Cuccittini,4,266531,217,Barcelona,2014/2015,2025-12-13T18:45:51.746016,47,57.0,361.97,26.52,0.0,77.0,0.86,13.0,31.0,2.0,0.25,8.0,2.0,171.35,7.0,6.0,3.0,4.0,4.0,1.0,14.0,4.0,0.0,0.0,0.0,5.0,1.0,1.0,0.0,0.0,0.14,75.41,48.38,416.78,38.0,90.0,1.0,11.0,0.0,8.0,0.0,0.0,5.0,0.0,1.0,123.0,1.0,0.0,0.0,5.0,23.0,9.0,3.0,,0.0,0.0,0.0,1.0,,88.0,13.0,39.0,0.11,1.0,5.0,0.4,1.25
6998,Rafael Alcântara do Nascimento,1,266531,217,Barcelona,2014/2015,2025-12-13T18:45:52.670044,47,46.0,287.09,24.45,3.0,55.0,0.91,11.0,16.0,0.0,0.13,12.0,3.0,185.47,3.0,0.0,0.0,2.0,1.0,0.88,5.0,2.0,0.0,1.0,0.0,3.0,0.0,2.0,0.0,0.0,0.0,66.43,52.94,357.23,13.0,58.0,0.9,2.0,0.0,0.0,0.0,0.0,5.0,0.0,3.0,82.0,,0.0,1.0,3.0,7.0,2.0,3.0,,1.0,0.0,0.0,2.0,0.5,57.0,4.0,18.0,0.06,0.9,0.0,,0.68
4320,Neymar da Silva Santos Junior,5,266560,217,Barcelona,2014/2015,2025-12-13T18:45:53.791974,52,63.0,238.9,21.6,8.0,37.0,0.84,3.0,25.0,2.0,0.22,13.0,8.0,294.75,2.0,4.0,2.0,12.0,3.0,0.91,16.0,5.0,1.0,0.0,0.0,3.0,1.0,0.0,0.0,0.0,0.0,86.89,22.58,190.86,30.0,48.0,0.94,12.0,0.0,9.0,0.0,1.0,2.0,0.0,0.0,109.0,,0.0,0.0,2.0,22.0,4.0,0.0,,1.0,0.0,0.0,0.0,,64.0,11.0,15.0,0.11,0.94,6.0,0.28,1.19
5203,Sergio Busquets i Burgos,1,266560,217,Barcelona,2014/2015,2025-12-13T18:45:54.682387,52,77.0,502.23,21.15,1.0,93.0,0.94,28.0,30.0,1.0,0.1,8.0,6.0,121.2,0.0,0.0,1.0,2.0,1.0,0.92,23.0,3.0,2.0,0.0,1.0,12.0,0.0,0.0,0.0,0.0,0.04,65.73,50.76,223.02,58.0,37.0,0.97,10.0,0.0,1.0,0.0,1.0,3.0,0.0,2.0,143.0,,0.0,1.0,3.0,22.0,3.0,0.0,,2.0,0.0,0.0,4.0,,90.0,17.0,35.0,0.13,0.97,0.0,0.02,0.99
5503,Lionel Andrés Messi Cuccittini,4,266560,217,Barcelona,2014/2015,2025-12-13T18:45:55.566327,52,62.0,288.8,29.09,4.0,64.0,0.77,21.0,43.0,3.0,0.17,16.0,6.0,243.52,6.0,4.0,4.0,10.0,5.0,0.92,7.0,4.0,0.0,0.0,0.0,3.0,1.0,0.0,0.0,0.0,0.14,79.54,51.98,224.59,42.0,62.0,0.95,9.0,0.0,3.0,0.0,0.0,4.0,0.0,2.0,111.0,,0.0,0.0,1.0,57.0,11.0,0.0,,0.0,0.0,0.0,0.0,,76.0,11.0,23.0,0.13,0.95,2.0,0.35,1.08
5506,Javier Alejandro Mascherano,0,266560,217,Barcelona,2014/2015,2025-12-13T18:45:56.449825,52,76.0,597.96,19.37,0.0,104.0,0.91,36.0,33.0,0.0,0.1,16.0,11.0,309.46,0.0,1.0,0.0,3.0,0.0,1.0,20.0,3.0,0.0,0.0,2.0,7.0,0.0,1.0,0.0,1.0,0.05,59.78,39.15,192.97,115.0,37.0,1.0,23.0,0.0,2.0,0.0,1.0,3.0,0.0,2.0,175.0,,0.0,2.0,11.0,29.0,6.0,8.0,,1.0,0.0,0.0,3.0,,89.0,34.0,18.0,0.08,1.0,1.0,,0.51
20131,Xavier Hernández Creus,1,266560,217,Barcelona,2014/2015,2025-12-13T18:45:57.332527,52,66.0,303.0,27.92,0.0,75.0,0.81,23.0,33.0,1.0,0.2,13.0,9.0,210.05,0.0,0.0,0.0,5.0,0.0,1.0,11.0,2.0,2.0,0.0,0.0,1.0,0.0,0.0,0.0,0.0,0.0,68.33,28.03,162.03,26.0,39.0,1.0,10.0,0.0,2.0,0.0,1.0,0.0,0.0,0.0,116.0,0.33,0.0,0.0,8.0,18.0,9.0,5.0,,0.0,0.0,0.0,2.0,,71.0,7.0,22.0,0.03,1.0,0.0,0.05,0.53
4320,Neymar da Silva Santos Junior,5,266631,217,Barcelona,2014/2015,2025-12-13T18:45:58.434632,57,66.0,280.44,22.89,10.0,47.0,0.89,5.0,19.0,3.0,0.3,11.0,1.0,168.34,6.0,4.0,4.0,6.0,1.0,0.92,11.0,3.0,0.0,2.0,0.0,12.0,0.0,1.0,0.0,0.0,0.09,76.5,19.39,315.01,13.0,89.0,0.91,14.0,0.0,1.0,0.0,2.0,4.0,0.0,0.0,148.0,,1.0,0.0,11.0,13.0,3.0,2.0,,2.0,0.0,0.0,3.0,0.67,72.0,3.0,18.0,0.16,0.91,0.0,0.12,0.63
5203,Sergio Busquets i Burgos,0,266631,217,Barcelona,2014/2015,2025-12-13T18:45:59.393595,57,60.0,401.85,20.75,1.0,74.0,0.91,22.0,8.0,0.0,0.24,4.0,4.0,54.55,0.0,1.0,0.0,0.0,0.0,0.96,14.0,1.0,0.0,0.0,0.0,10.0,0.0,2.0,0.0,0.0,0.07,53.69,38.04,259.46,59.0,61.0,0.97,8.0,0.0,2.0,0.0,2.0,4.0,0.0,0.0,164.0,,0.0,1.0,3.0,9.0,0.0,4.0,,5.0,0.0,0.0,0.0,,66.0,19.0,11.0,0.17,0.97,1.0,,0.26
5216,Andrés Iniesta Luján,1,266631,217,Barcelona,2014/2015,2025-12-13T18:46:00.343653,57,55.0,317.22,23.26,4.0,62.0,0.84,15.0,23.0,0.0,0.24,10.0,7.0,172.58,1.0,2.0,3.0,2.0,0.0,0.95,11.0,0.0,0.0,1.0,0.0,9.0,0.0,2.0,0.0,0.0,0.36,66.76,20.86,241.39,7.0,60.0,0.97,6.0,0.0,0.0,0.0,0.0,1.0,0.0,0.0,150.0,,0.0,0.0,8.0,3.0,1.0,2.0,,1.0,0.0,0.0,5.0,0.2,64.0,2.0,12.0,0.2,0.97,0.0,,0.34
5470,Ivan Rakitić,1,266631,217,Barcelona,2014/2015,2025-12-13T18:46:01.296247,57,49.0,462.16,21.42,2.0,88.0,0.92,23.0,35.0,0.0,0.2,5.0,3.0,98.63,2.0,0.0,0.0,2.0,0.0,0.97,6.0,7.0,0.0,2.0,0.0,2.0,0.0,0.0,0.0,0.0,0.17,66.24,58.84,256.42,25.0,73.0,0.97,11.0,0.0,1.0,0.0,0.0,0.0,0.0,0.0,162.0,0.5,0.0,4.0,4.0,8.0,4.0,3.0,1.0,0.0,0.0,0.0,2.0,1.0,72.0,4.0,12.0,0.23,0.97,1.0,,0.75
5503,Lionel Andrés Messi Cuccittini,4,266631,217,Barcelona,2014/2015,2025-12-13T18:46:02.249252,57,52.0,417.02,20.57,4.0,63.0,0.9,17.0,37.0,3.0,0.22,13.0,8.0,196.59,8.0,8.0,5.0,5.0,4.0,1.0,3.0,3.0,0.0,2.0,0.0,7.0,0.0,0.0,0.0,0.0,0.67,79.14,55.88,259.55,46.0,109.0,1.0,12.0,0.0,9.0,0.0,0.0,11.0,0.0,2.0,171.0,1.0,0.0,0.0,2.0,51.0,9.0,3.0,,1.0,0.0,0.0,3.0,0.67,80.0,15.0,21.0,0.23,1.0,4.0,0.27,0.98
3958,Pedro Eliezer Rodríguez Ledesma,4,266741,217,Barcelona,2014/2015,2025-12-13T18:46:03.388323,45,50.0,248.86,20.98,3.0,45.0,0.89,3.0,23.0,3.0,0.09,10.0,5.0,138.44,1.0,3.0,1.0,9.0,7.0,0.93,8.0,3.0,0.0,0.0,0.0,4.0,0.0,0.0,0.0,0.0,0.12,85.5,41.95,771.23,5.0,30.0,0.93,16.0,0.0,9.0,0.0,0.0,2.0,0.0,1.0,64.0,,0.0,0.0,3.0,15.0,7.0,0.0,0.33,0.0,0.0,0.0,1.0,,56.0,3.0,16.0,0.27,0.93,5.0,0.12,1.8
4320,Neymar da Silva Santos Junior,5,266741,217,Barcelona,2014/2015,2025-12-13T18:46:04.144322,45,45.0,369.11,16.91,4.0,53.0,0.83,7.0,37.0,3.0,0.11,15.0,6.0,328.75,1.0,1.0,2.0,14.0,8.0,0.88,2.0,2.0,1.0,0.0,0.0,3.0,0.0,2.0,0.0,0.0,0.0,86.27,17.06,208.98,17.0,36.0,0.92,19.0,0.0,1.0,0.0,0.0,4.0,0.0,1.0,68.0,,0.0,1.0,1.0,12.0,11.0,2.0,,0.0,0.0,0.0,1.0,,71.0,5.0,13.0,0.13,0.92,0.0,0.23,2.15
5203,Sergio Busquets i Burgos,0,266741,217,Barcelona,2014/2015,2025-12-13T18:46:04.902901,45,62.0,468.74,19.97,1.0,90.0,0.94,25.0,20.0,1.0,0.08,8.0,5.0,144.91,0.0,1.0,0.0,0.0,0.0,1.0,5.0,5.0,1.0,0.0,0.0,3.0,0.0,1.0,0.0,0.0,0.0,57.29,39.89,280.1,45.0,25.0,1.0,13.0,0.0,1.0,0.0,1.0,3.0,1.0,1.0,122.0,,0.0,0.0,4.0,19.0,1.0,4.0,,2.0,0.0,0.0,1.0,,80.0,12.0,21.0,0.14,1.0,0.0,0.06,1.9
5470,Ivan Rakitić,1,266741,217,Barcelona,2014/2015,2025-12-13T18:46:05.659132,45,38.0,366.69,18.98,1.0,70.0,0.87,25.0,32.0,1.0,0.07,3.0,1.0,38.8,0.0,1.0,1.0,1.0,1.0,1.0,3.0,3.0,1.0,0.0,0.0,3.0,0.0,0.0,0.0,0.0,0.33,69.67,56.16,160.29,21.0,20.0,1.0,10.0,0.0,2.0,0.0,1.0,2.0,0.0,0.0,99.0,,0.0,0.0,4.0,21.0,5.0,5.0,,2.0,0.0,0.0,1.0,,65.0,7.0,27.0,0.12,1.0,1.0,0.05,1.99
20131,Xavier Hernández Creus,1,266741,217,Barcelona,2014/2015,2025-12-13T18:46:06.412683,45,59.0,348.0,23.1,2.0,76.0,0.93,22.0,30.0,1.0,0.12,6.0,4.0,94.31,0.0,3.0,1.0,1.0,0.0,0.92,9.0,3.0,1.0,0.0,0.0,1.0,0.0,0.0,0.0,0.0,0.0,71.04,26.7,234.56,18.0,31.0,0.97,6.0,0.0,4.0,0.0,0.0,0.0,0.0,0.0,91.0,,0.0,0.0,4.0,13.0,6.0,4.0,,0.0,0.0,0.0,1.0,,67.0,6.0,16.0,0.03,0.97,2.0,0.07,2.49
3958,Pedro Eliezer Rodríguez Ledesma,4,266770,217,Barcelona,2014/2015,2025-12-13T18:46:07.365260,49,62.0,164.77,25.85,3.0,39.0,0.9,2.0,19.0,1.0,0.18,5.0,2.0,65.45,1.0,1.0,1.0,2.0,2.0,1.0,11.0,3.0,0.0,0.0,0.0,5.0,0.0,0.0,0.0,0.0,0.0,82.12,46.32,413.9,17.0,31.0,1.0,11.0,0.0,2.0,0.0,2.0,2.0,0.0,1.0,61.0,,0.0,1.0,2.0,13.0,1.0,0.0,1.0,1.0,0.0,0.0,0.0,,60.0,10.0,20.0,0.39,1.0,1.0,0.02,0.79
4320,Neymar da Silva Santos Junior,5,266770,217,Barcelona,2014/2015,2025-12-13T18:46:08.183444,49,41.0,116.36,24.75,2.0,22.0,0.64,3.0,12.0,0.0,0.18,6.0,4.0,109.13,5.0,2.0,0.0,2.0,6.0,0.94,3.0,1.0,0.0,1.0,0.0,1.0,0.0,0.0,0.0,0.0,0.0,85.82,23.99,174.38,19.0,39.0,0.95,5.0,0.0,4.0,0.0,0.0,3.0,0.0,0.0,41.0,1.0,0.0,0.0,1.0,5.0,5.0,1.0,,1.0,0.0,0.0,1.0,1.0,37.0,9.0,12.0,0.32,0.95,2.0,,1.75
5203,Sergio Busquets i Burgos,0,266770,217,Barcelona,2014/2015,2025-12-13T18:46:09.002101,49,54.0,317.97,20.0,0.0,61.0,0.97,18.0,13.0,1.0,0.07,3.0,1.0,40.24,1.0,1.0,1.0,0.0,0.0,1.0,11.0,3.0,1.0,0.0,0.0,8.0,1.0,1.0,1.0,0.0,0.09,61.46,40.44,183.02,72.0,17.0,1.0,2.0,0.0,0.0,0.0,2.0,1.0,1.0,1.0,59.0,,0.0,2.0,2.0,4.0,0.0,3.0,,3.0,0.0,0.0,0.0,,48.0,23.0,16.0,0.11,1.0,0.0,0.01,1.89
5216,Andrés Iniesta Luján,1,266770,217,Barcelona,2014/2015,2025-12-13T18:46:09.825067,49,65.0,410.23,22.09,1.0,80.0,0.95,27.0,26.0,1.0,0.1,15.0,9.0,295.63,1.0,2.0,0.0,4.0,2.0,0.94,8.0,5.0,0.0,1.0,0.0,4.0,0.0,1.0,0.0,0.0,0.25,67.49,25.15,127.04,32.0,42.0,0.98,7.0,0.0,4.0,0.0,0.0,3.0,0.0,0.0,116.0,,0.0,2.0,6.0,9.0,6.0,1.0,1.0,0.0,0.0,0.0,2.0,0.5,76.0,9.0,17.0,0.16,0.98,2.0,0.12,1.34
5470,Ivan Rakitić,1,266770,217,Barcelona,2014/2015,2025-12-13T18:46:10.644770,49,89.0,626.59,21.64,1.0,132.0,0.88,35.0,41.0,0.0,0.09,4.0,2.0,57.05,0.0,0.0,0.0,0.0,2.0,0.92,10.0,7.0,2.0,1.0,0.0,8.0,0.0,1.0,2.0,0.0,0.0,66.88,50.73,274.9,55.0,39.0,0.95,16.0,0.0,1.0,0.0,2.0,0.0,0.0,0.0,145.0,0.67,0.0,0.0,6.0,6.0,10.0,4.0,,1.0,0.0,0.0,1.0,1.0,115.0,16.0,26.0,0.09,0.95,0.0,,2.28
3958,Pedro Eliezer Rodríguez Ledesma,4,266794,217,Barcelona,2014/2015,2025-12-13T18:46:11.649290,48,47.0,194.71,19.11,1.0,31.0,0.84,1.0,12.0,0.0,0.06,3.0,0.0,43.66,0.0,1.0,0.0,1.0,2.0,0.89,16.0,4.0,0.0,0.0,0.0,4.0,0.0,2.0,0.0,0.0,0.0,73.07,53.32,325.42,9.0,22.0,0.95,3.0,0.0,3.0,0.0,2.0,5.0,0.0,1.0,67.0,,0.0,0.0,1.0,12.0,2.0,0.0,,1.0,0.0,0.0,0.0,,42.0,5.0,17.0,0.19,0.95,1.0,,1.25
4320,Neymar da Silva Santos Junior,5,266794,217,Barcelona,2014/2015,2025-12-13T18:46:12.484363,48,51.0,309.95,22.84,7.0,52.0,0.92,5.0,31.0,1.0,0.12,12.0,5.0,247.42,6.0,2.0,2.0,9.0,3.0,0.87,9.0,2.0,1.0,0.0,0.0,8.0,0.0,2.0,0.0,0.0,0.0,83.64,19.01,171.78,12.0,62.0,0.85,10.0,0.0,3.0,0.0,0.0,3.0,0.0,0.0,131.0,,0.0,0.0,5.0,13.0,4.0,0.0,,0.0,0.0,0.0,0.0,,73.0,4.0,20.0,0.16,0.85,1.0,,1.4
5506,Javier Alejandro Mascherano,0,266794,217,Barcelona,2014/2015,2025-12-13T18:46:13.316388,48,59.0,552.08,17.28,1.0,83.0,0.92,28.0,13.0,0.0,0.1,10.0,6.0,145.51,0.0,0.0,0.0,0.0,0.0,1.0,14.0,3.0,2.0,1.0,1.0,10.0,0.0,1.0,0.0,0.0,0.14,56.35,41.85,201.19,74.0,43.0,1.0,11.0,0.0,0.0,0.0,2.0,4.0,1.0,3.0,175.0,,1.0,2.0,6.0,9.0,3.0,2.0,,1.0,0.0,0.0,4.0,0.25,76.0,23.0,14.0,0.06,1.0,0.0,,0.24
6998,Rafael Alcântara do Nascimento,1,266794,217,Barcelona,2014/2015,2025-12-13T18:46:14.147093,48,66.0,434.62,21.67,3.0,78.0,0.91,9.0,31.0,0.0,0.14,12.0,11.0,213.51,2.0,1.0,1.0,4.0,0.0,1.0,16.0,6.0,0.0,0.0,1.0,4.0,0.0,3.0,0.0,0.0,0.0,68.3,33.55,248.97,31.0,58.0,1.0,7.0,0.0,0.0,0.0,1.0,2.0,0.0,0.0,130.0,,0.0,0.0,3.0,22.0,2.0,0.0,,0.0,0.0,0.0,1.0,,79.0,10.0,30.0,0.08,1.0,0.0,,1.36
20131,Xavier Hernández Creus,1,266794,217,Barcelona,2014/2015,2025-12-13T18:46:14.984405,48,54.0,396.8,21.62,1.0,76.0,0.93,18.0,25.0,3.0,0.13,11.0,8.0,174.87,0.0,2.0,2.0,0.0,0.0,1.0,8.0,4.0,0.0,0.0,0.0,3.0,1.0,0.0,0.0,0.0,0.12,64.91,45.04,339.98,21.0,40.0,1.0,8.0,0.0,1.0,0.0,0.0,2.0,0.0,0.0,137.0,0.5,0.0,0.0,5.0,6.0,5.0,1.0,,1.0,0.0,0.0,0.0,,71.0,6.0,17.0,0.04,1.0,1.0,0.28,1.11
3958,Pedro Eliezer Rodríguez Ledesma,4,266838,217,Barcelona,2014/2015,2025-12-13T18:46:16.019477,54,35.0,151.94,19.74,1.0,22.0,0.77,1.0,10.0,0.0,0.05,10.0,8.0,161.28,2.0,1.0,0.0,6.0,4.0,0.94,10.0,4.0,0.0,0.0,0.0,7.0,0.0,0.0,0.0,0.0,0.1,78.98,52.47,363.87,5.0,36.0,0.94,3.0,0.0,3.0,0.0,1.0,2.0,0.0,0.0,41.0,,0.0,0.0,2.0,0.0,4.0,0.0,,0.0,0.0,0.0,2.0,,30.0,2.0,7.0,0.24,0.94,1.0,,0.39
4320,Neymar da Silva Santos Junior,5,266838,217,Barcelona,2014/2015,2025-12-13T18:46:16.772552,54,33.0,219.01,15.62,0.0,25.0,0.92,3.0,9.0,0.0,0.24,7.0,3.0,122.22,1.0,1.0,0.0,5.0,2.0,1.0,7.0,3.0,0.0,0.0,0.0,3.0,0.0,0.0,0.0,0.0,0.14,85.62,25.16,267.39,18.0,50.0,1.0,5.0,0.0,2.0,0.0,2.0,2.0,0.0,0.0,79.0,,0.0,0.0,1.0,5.0,4.0,0.0,,1.0,0.0,0.0,1.0,,38.0,5.0,10.0,0.12,1.0,1.0,,0.11
5203,Sergio Busquets i Burgos,0,266838,217,Barcelona,2014/2015,2025-12-13T18:46:17.530261,54,69.0,233.86,31.3,2.0,67.0,0.85,18.0,14.0,0.0,0.16,7.0,2.0,104.93,2.0,0.0,0.0,2.0,0.0,1.0,17.0,9.0,0.0,2.0,2.0,8.0,0.0,3.0,0.0,0.0,0.29,58.65,40.7,362.25,42.0,50.0,0.98,4.0,0.0,0.0,0.0,0.0,2.0,0.0,2.0,112.0,,2.0,0.0,3.0,10.0,2.0,5.0,1.0,2.0,0.0,0.0,7.0,0.29,48.0,12.0,18.0,0.15,0.98,0.0,,0.39
5216,Andrés Iniesta Luján,1,266838,217,Barcelona,2014/2015,2025-12-13T18:46:18.285662,54,73.0,310.66,25.88,4.0,61.0,0.92,23.0,26.0,0.0,0.08,17.0,11.0,293.13,7.0,0.0,0.0,8.0,0.0,1.0,17.0,5.0,1.0,1.0,0.0,6.0,0.0,2.0,0.0,0.0,0.35,66.32,21.95,179.01,25.0,67.0,1.0,7.0,0.0,0.0,0.0,1.0,4.0,0.0,1.0,143.0,1.0,0.0,1.0,4.0,11.0,2.0,0.0,,2.0,0.0,0.0,1.0,1.0,65.0,5.0,19.0,0.14,1.0,0.0,,0.44
5470,Ivan Rakitić,1,266838,217,Barcelona,2014/2015,2025-12-13T18:46:19.042785,54,67.0,367.59,23.83,1.0,80.0,0.86,25.0,32.0,2.0,0.09,6.0,1.0,84.76,0.0,0.0,0.0,0.0,0.0,1.0,12.0,5.0,1.0,0.0,0.0,3.0,1.0,1.0,0.0,0.0,0.08,68.85,58.25,283.65,18.0,30.0,1.0,8.0,0.0,3.0,0.0,1.0,1.0,0.0,0.0,150.0,0.43,0.0,1.0,1.0,0.0,8.0,1.0,,2.0,0.0,0.0,0.0,,69.0,3.0,13.0,0.12,1.0,2.0,0.22,0.66
3958,Pedro Eliezer Rodríguez Ledesma,5,266846,217,Barcelona,2014/2015,2025-12-13T18:46:20.015430,53,48.0,289.43,22.39,3.0,51.0,0.75,8.0,36.0,1.0,0.18,8.0,4.0,100.68,5.0,5.0,2.0,7.0,7.0,0.92,10.0,5.0,0.0,0.0,0.0,4.0,0.0,0.0,0.0,0.0,0.0,86.5,21.04,202.13,19.0,48.0,0.92,11.0,0.0,4.0,0.0,2.0,0.0,0.0,0.0,69.0,,0.0,0.0,0.0,20.0,11.0,0.0,0.33,0.0,0.0,0.0,0.0,,64.0,8.0,27.0,0.31,0.92,2.0,,0.93
5203,Sergio Busquets i Burgos,0,266846,217,Barcelona,2014/2015,2025-12-13T18:46:20.997522,53,80.0,700.86,19.43,2.0,119.0,0.93,31.0,45.0,2.0,0.09,5.0,0.0,59.91,0.0,2.0,2.0,0.0,0.0,0.96,21.0,7.0,1.0,2.0,0.0,12.0,0.0,1.0,1.0,2.0,0.14,65.67,43.23,228.32,80.0,55.0,0.96,11.0,1.0,0.0,0.0,2.0,4.0,1.0,2.0,121.0,,0.0,3.0,5.0,53.0,1.0,4.0,,3.0,0.0,0.0,3.0,0.67,105.0,23.0,26.0,0.14,0.96,0.0,0.04,1.13
5216,Andrés Iniesta Luján,1,266846,217,Barcelona,2014/2015,2025-12-13T18:46:21.978944,53,60.0,441.88,21.45,1.0,80.0,0.84,29.0,53.0,1.0,0.16,14.0,11.0,255.25,1.0,3.0,0.0,10.0,4.0,0.97,11.0,0.0,1.0,0.0,0.0,6.0,0.0,1.0,0.0,0.0,0.18,79.55,23.56,167.82,23.0,65.0,0.97,13.0,0.0,2.0,0.0,2.0,0.0,0.0,0.0,106.0,1.0,0.0,1.0,4.0,11.0,11.0,0.0,,0.0,0.0,1.0,1.0,,86.0,8.0,18.0,0.11,0.97,1.0,0.23,1.3
5470,Ivan Rakitić,1,266846,217,Barcelona,2014/2015,2025-12-13T18:46:22.957635,53,57.0,410.16,19.6,1.0,72.0,0.86,15.0,31.0,2.0,0.07,3.0,1.0,51.94,0.0,4.0,2.0,1.0,2.0,0.91,11.0,4.0,0.0,0.0,0.0,6.0,0.0,0.0,0.0,0.0,0.09,72.79,53.9,327.8,18.0,28.0,0.93,12.0,0.0,3.0,0.0,2.0,0.0,0.0,0.0,113.0,0.75,0.0,0.0,4.0,18.0,6.0,3.0,0.5,1.0,0.0,0.0,1.0,,72.0,5.0,25.0,0.21,0.93,2.0,0.01,0.92
5503,Lionel Andrés Messi Cuccittini,4,266846,217,Barcelona,2014/2015,2025-12-13T18:46:23.937292,53,69.0,526.82,22.89,6.0,93.0,0.85,23.0,60.0,1.0,0.17,18.0,10.0,334.8,5.0,3.0,1.0,12.0,6.0,0.94,4.0,7.0,1.0,0.0,0.0,1.0,0.0,0.0,0.0,0.0,0.0,83.77,50.84,346.2,63.0,102.0,0.94,17.0,0.0,7.0,0.0,0.0,4.0,0.0,4.0,128.0,1.0,0.0,0.0,3.0,62.0,8.0,2.0,,0.0,0.0,0.0,0.0,,114.0,21.0,42.0,0.12,0.94,3.0,0.05,1.1
4320,Neymar da Silva Santos Junior,5,266871,217,Barcelona,2014/2015,2025-12-13T18:46:25.120496,51,74.0,414.84,21.55,7.0,72.0,0.82,16.0,34.0,3.0,0.12,13.0,9.0,220.45,5.0,6.0,3.0,12.0,11.0,0.95,10.0,4.0,2.0,1.0,0.0,4.0,0.0,1.0,0.0,0.0,0.1,74.91,14.1,109.71,11.0,77.0,0.95,20.0,1.0,10.0,0.0,1.0,2.0,0.0,0.0,153.0,,1.0,0.0,8.0,0.0,10.0,2.0,1.0,0.0,0.0,0.0,2.0,0.5,102.0,5.0,28.0,0.12,0.95,6.0,0.32,3.26
5203,Sergio Busquets i Burgos,0,266871,217,Barcelona,2014/2015,2025-12-13T18:46:25.986399,51,71.0,512.96,19.07,2.0,94.0,0.88,30.0,21.0,1.0,0.07,6.0,4.0,81.48,1.0,1.0,2.0,2.0,1.0,0.93,13.0,8.0,3.0,0.0,2.0,7.0,0.0,3.0,1.0,0.0,0.0,57.32,36.93,249.32,72.0,46.0,0.96,8.0,0.0,1.0,0.0,0.0,5.0,0.0,2.0,139.0,,0.0,3.0,1.0,6.0,3.0,4.0,1.0,1.0,0.0,0.0,2.0,,68.0,18.0,19.0,0.19,0.96,1.0,,1.96
5470,Ivan Rakitić,1,266871,217,Barcelona,2014/2015,2025-12-13T18:46:26.848983,51,56.0,394.63,19.77,0.0,80.0,0.96,12.0,22.0,0.0,0.04,4.0,3.0,92.73,0.0,0.0,0.0,3.0,0.0,1.0,8.0,1.0,1.0,1.0,1.0,4.0,0.0,0.0,0.0,0.0,0.0,64.43,54.95,237.76,34.0,16.0,1.0,5.0,0.0,0.0,0.0,0.0,1.0,0.0,0.0,102.0,1.0,0.0,1.0,6.0,7.0,4.0,3.0,,0.0,0.0,0.0,2.0,0.5,72.0,14.0,22.0,0.08,1.0,0.0,,2.39
5503,Lionel Andrés Messi Cuccittini,4,266871,217,Barcelona,2014/2015,2025-12-13T18:46:27.713850,51,61.0,471.99,19.83,4.0,84.0,0.83,20.0,38.0,5.0,0.14,13.0,3.0,200.29,4.0,7.0,4.0,7.0,6.0,1.0,4.0,2.0,0.0,0.0,0.0,1.0,0.0,1.0,0.0,0.0,0.0,73.6,50.99,338.13,48.0,65.0,1.0,11.0,0.0,12.0,0.0,1.0,1.0,0.0,0.0,153.0,1.0,0.0,0.0,10.0,40.0,11.0,3.0,0.5,0.0,0.0,0.0,0.0,,100.0,20.0,36.0,0.16,1.0,5.0,0.27,2.77
20131,Xavier Hernández Creus,1,266871,217,Barcelona,2014/2015,2025-12-13T18:46:28.576337,51,49.0,280.43,22.04,0.0,65.0,0.92,11.0,12.0,1.0,0.11,6.0,0.0,70.13,1.0,3.0,2.0,1.0,2.0,1.0,4.0,2.0,0.0,0.0,0.0,3.0,0.0,0.0,0.0,0.0,0.0,59.27,26.48,196.2,28.0,24.0,1.0,4.0,0.0,2.0,0.0,1.0,0.0,0.0,0.0,67.0,,0.0,1.0,6.0,5.0,2.0,3.0,1.0,0.0,0.0,0.0,0.0,,60.0,10.0,28.0,0.02,1.0,1.0,0.6,2.36
3958,Pedro Eliezer Rodríguez Ledesma,5,266916,217,Barcelona,2014/2015,2025-12-13T18:46:29.635941,45,57.0,169.25,20.92,3.0,31.0,0.74,3.0,16.0,0.0,0.26,10.0,7.0,226.7,0.0,2.0,0.0,7.0,3.0,0.95,14.0,3.0,0.0,0.0,0.0,7.0,0.0,2.0,0.0,0.0,0.0,77.7,15.03,217.95,8.0,48.0,0.96,13.0,0.0,2.0,0.0,1.0,1.0,0.0,1.0,75.0,,0.0,1.0,7.0,5.0,3.0,1.0,1.0,2.0,0.0,0.0,1.0,,46.0,4.0,9.0,0.37,0.96,1.0,,2.07
5216,Andrés Iniesta Luján,1,266916,217,Barcelona,2014/2015,2025-12-13T18:46:30.308519,45,60.0,278.68,20.88,2.0,51.0,0.8,18.0,22.0,0.0,0.12,9.0,5.0,167.9,2.0,3.0,0.0,2.0,3.0,1.0,17.0,5.0,0.0,0.0,0.0,7.0,0.0,1.0,0.0,0.0,0.0,69.25,21.67,174.88,21.0,48.0,1.0,5.0,0.0,4.0,0.0,2.0,3.0,0.0,0.0,100.0,,0.0,0.0,6.0,17.0,4.0,2.0,,0.0,0.0,0.0,2.0,,58.0,5.0,18.0,0.16,1.0,2.0,,0.9
5503,Lionel Andrés Messi Cuccittini,4,266916,217,Barcelona,2014/2015,2025-12-13T18:46:30.982703,45,61.0,263.32,21.19,1.0,45.0,0.89,11.0,26.0,2.0,0.36,12.0,6.0,179.24,5.0,6.0,1.0,4.0,5.0,1.0,10.0,7.0,0.0,0.0,0.0,4.0,0.0,1.0,0.0,0.0,0.0,79.41,50.62,274.65,26.0,74.0,1.0,12.0,0.0,6.0,0.0,0.0,3.0,0.0,1.0,104.0,,0.0,0.0,9.0,30.0,4.0,3.0,0.5,2.0,0.0,0.0,1.0,,63.0,8.0,16.0,0.27,1.0,3.0,0.11,3.37
5506,Javier Alejandro Mascherano,0,266916,217,Barcelona,2014/2015,2025-12-13T18:46:31.655680,45,34.0,53.94,43.38,1.0,23.0,0.78,9.0,4.0,0.0,0.13,0.0,0.0,0.0,0.0,0.0,0.0,0.0,0.0,0.67,9.0,4.0,0.0,0.0,0.0,4.0,0.0,0.0,0.0,0.0,0.11,50.42,34.52,325.05,19.0,10.0,0.8,2.0,0.0,0.0,0.0,1.0,0.0,1.0,0.0,45.0,,0.0,1.0,1.0,0.0,0.0,1.0,,0.0,0.0,0.0,0.0,,18.0,5.0,3.0,0.1,0.8,0.0,,0.06
20131,Xavier Hernández Creus,1,266916,217,Barcelona,2014/2015,2025-12-13T18:46:32.326528,45,74.0,238.45,29.44,0.0,71.0,0.86,21.0,35.0,4.0,0.13,11.0,9.0,180.76,2.0,3.0,4.0,4.0,1.0,1.0,12.0,1.0,0.0,1.0,1.0,5.0,0.0,1.0,0.0,0.0,0.17,66.71,47.16,284.1,38.0,42.0,1.0,7.0,0.0,1.0,0.0,1.0,0.0,0.0,0.0,90.0,0.67,0.0,1.0,3.0,23.0,8.0,0.0,,0.0,0.0,0.0,2.0,0.5,63.0,15.0,22.0,0.04,1.0,0.0,0.38,3.2
5203,Sergio Busquets i Burgos,0,266921,217,Barcelona,2014/2015,2025-12-13T18:46:33.228141,43,63.0,509.01,20.51,2.0,91.0,0.96,22.0,9.0,2.0,0.1,4.0,4.0,73.59,3.0,1.0,1.0,0.0,0.0,1.0,6.0,4.0,1.0,1.0,1.0,8.0,0.0,0.0,0.0,0.0,0.17,55.61,41.39,202.41,93.0,41.0,1.0,5.0,0.0,0.0,0.0,1.0,2.0,0.0,0.0,99.0,,1.0,1.0,5.0,6.0,0.0,1.0,,0.0,0.0,0.0,3.0,0.33,84.0,28.0,18.0,0.09,1.0,0.0,0.02,0.73
5216,Andrés Iniesta Luján,1,266921,217,Barcelona,2014/2015,2025-12-13T18:46:34.128767,43,60.0,603.02,21.09,3.0,102.0,0.95,27.0,34.0,2.0,0.2,17.0,9.0,252.24,3.0,3.0,0.0,9.0,1.0,0.95,2.0,6.0,0.0,2.0,0.0,4.0,0.0,2.0,0.0,0.0,0.5,67.13,23.38,128.03,34.0,85.0,0.98,18.0,0.0,4.0,0.0,0.0,2.0,0.0,1.0,163.0,,0.0,0.0,6.0,12.0,3.0,4.0,,0.0,0.0,0.0,3.0,0.67,106.0,13.0,23.0,0.13,0.98,2.0,0.38,0.95
5470,Ivan Rakitić,1,266921,217,Barcelona,2014/2015,2025-12-13T18:46:35.032584,43,77.0,667.48,19.96,2.0,119.0,0.89,30.0,37.0,1.0,0.12,11.0,6.0,172.75,0.0,1.0,0.0,4.0,1.0,0.94,5.0,7.0,0.0,0.0,0.0,4.0,0.0,2.0,0.0,0.0,0.2,65.91,58.73,150.08,21.0,49.0,0.96,23.0,0.0,3.0,0.0,3.0,0.0,0.0,0.0,179.0,0.33,0.0,0.0,4.0,15.0,7.0,3.0,1.0,3.0,0.0,0.0,3.0,,111.0,7.0,20.0,0.1,0.96,1.0,0.09,0.9
6616,Munir El Haddadi Mohamed,5,266921,217,Barcelona,2014/2015,2025-12-13T18:46:35.930394,43,32.0,156.56,18.78,4.0,23.0,0.78,1.0,9.0,0.0,0.26,1.0,0.0,13.7,0.0,1.0,0.0,1.0,5.0,0.83,6.0,3.0,0.0,0.0,0.0,3.0,0.0,1.0,0.0,0.0,0.0,87.52,22.5,113.85,7.0,32.0,0.91,6.0,0.0,3.0,0.0,1.0,1.0,0.0,1.0,41.0,,0.0,0.0,4.0,2.0,3.0,0.0,,0.0,0.0,0.0,1.0,,35.0,3.0,10.0,0.05,0.91,1.0,,0.51
6998,Rafael Alcântara do Nascimento,4,266921,217,Barcelona,2014/2015,2025-12-13T18:46:36.830769,43,30.0,143.37,20.92,3.0,24.0,1.0,0.0,10.0,1.0,0.38,3.0,1.0,40.85,1.0,2.0,2.0,1.0,1.0,0.81,6.0,0.0,0.0,1.0,1.0,6.0,0.0,0.0,0.0,0.0,0.0,84.88,58.81,153.68,5.0,41.0,0.88,5.0,0.0,0.0,0.0,0.0,1.0,0.0,0.0,41.0,,0.0,0.0,0.0,10.0,2.0,0.0,,0.0,0.0,0.0,1.0,1.0,31.0,2.0,12.0,0.13,0.88,0.0,0.05,0.13
4320,Neymar da Silva Santos Junior,5,266929,217,Barcelona,2014/2015,2025-12-13T18:46:37.928802,50,64.0,258.13,22.31,5.0,47.0,0.77,9.0,29.0,3.0,0.47,14.0,6.0,274.34,3.0,3.0,3.0,10.0,5.0,0.9,15.0,1.0,0.0,0.0,1.0,4.0,0.0,1.0,0.0,0.0,0.13,78.08,19.85,145.25,6.0,95.0,0.93,9.0,0.0,3.0,0.0,1.0,5.0,0.0,2.0,122.0,,0.0,0.0,5.0,7.0,8.0,1.0,,1.0,0.0,0.0,2.0,,66.0,1.0,21.0,0.17,0.93,1.0,0.15,0.9
5203,Sergio Busquets i Burgos,0,266929,217,Barcelona,2014/2015,2025-12-13T18:46:38.768312,50,80.0,336.9,19.23,0.0,64.0,0.88,17.0,14.0,0.0,0.28,5.0,3.0,62.54,4.0,0.0,0.0,1.0,0.0,1.0,37.0,2.0,5.0,2.0,1.0,22.0,0.0,3.0,0.0,0.0,0.14,55.52,45.49,274.85,43.0,60.0,1.0,7.0,0.0,0.0,0.0,2.0,5.0,0.0,2.0,114.0,,0.0,0.0,1.0,25.0,1.0,0.0,,0.0,0.0,0.0,5.0,0.4,48.0,11.0,13.0,0.16,1.0,0.0,,0.98
5216,Andrés Iniesta Luján,1,266929,217,Barcelona,2014/2015,2025-12-13T18:46:39.611228,50,54.0,332.02,19.7,0.0,63.0,0.89,21.0,23.0,0.0,0.37,10.0,7.0,191.92,2.0,1.0,0.0,6.0,1.0,1.0,12.0,5.0,1.0,1.0,0.0,3.0,0.0,1.0,0.0,0.0,0.17,64.35,22.29,149.09,15.0,71.0,1.0,9.0,0.0,0.0,0.0,0.0,6.0,0.0,1.0,128.0,,1.0,0.0,2.0,5.0,3.0,2.0,,0.0,0.0,0.0,3.0,0.33,54.0,4.0,20.0,0.08,1.0,0.0,,0.46
5503,Lionel Andrés Messi Cuccittini,4,266929,217,Barcelona,2014/2015,2025-12-13T18:46:40.450569,50,64.0,280.73,22.23,3.0,54.0,0.81,15.0,31.0,0.0,0.57,16.0,8.0,264.0,4.0,3.0,1.0,10.0,3.0,0.95,17.0,0.0,0.0,1.0,0.0,10.0,0.0,0.0,0.0,0.0,0.06,77.23,50.7,300.56,53.0,112.0,0.96,11.0,0.0,9.0,0.0,2.0,3.0,0.0,1.0,143.0,,1.0,0.0,2.0,28.0,7.0,0.0,,0.0,0.0,0.0,1.0,1.0,74.0,19.0,29.0,0.13,0.96,5.0,,1.05
6998,Rafael Alcântara do Nascimento,1,266929,217,Barcelona,2014/2015,2025-12-13T18:46:41.291510,50,43.0,131.65,29.62,5.0,32.0,0.88,6.0,11.0,0.0,0.44,5.0,2.0,87.86,3.0,0.0,0.0,2.0,0.0,0.86,17.0,5.0,0.0,1.0,0.0,8.0,0.0,0.0,0.0,0.0,0.18,61.01,49.1,296.81,17.0,50.0,0.92,3.0,0.0,0.0,0.0,2.0,1.0,0.0,1.0,75.0,,0.0,0.0,5.0,18.0,0.0,0.0,,0.0,0.0,0.0,3.0,0.33,29.0,2.0,7.0,0.14,0.92,0.0,,0.29
4320,Neymar da Silva Santos Junior,5,266967,217,Barcelona,2014/2015,2025-12-13T18:46:42.337629,58,46.0,349.59,17.51,1.0,53.0,0.77,8.0,29.0,0.0,0.26,24.0,3.0,407.14,2.0,1.0,0.0,16.0,4.0,0.97,6.0,2.0,1.0,0.0,0.0,3.0,0.0,0.0,0.0,0.0,0.0,81.66,22.36,330.64,4.0,68.0,0.97,6.0,0.0,3.0,0.0,0.0,1.0,0.0,0.0,92.0,,0.0,0.0,1.0,7.0,6.0,1.0,,2.0,0.0,0.0,0.0,,66.0,2.0,20.0,0.08,0.97,1.0,,0.62
5470,Ivan Rakitić,1,266967,217,Barcelona,2014/2015,2025-12-13T18:46:43.291216,58,46.0,359.92,19.0,4.0,62.0,0.85,16.0,32.0,1.0,0.19,3.0,1.0,51.33,0.0,1.0,1.0,1.0,1.0,0.95,7.0,3.0,0.0,0.0,0.0,5.0,0.0,1.0,1.0,0.0,0.0,72.59,51.53,347.18,18.0,56.0,0.96,15.0,0.0,2.0,0.0,0.0,3.0,0.0,0.0,92.0,0.67,0.0,2.0,4.0,8.0,6.0,2.0,,1.0,0.0,0.0,0.0,,64.0,5.0,18.0,0.05,0.96,0.0,,0.57
5503,Lionel Andrés Messi Cuccittini,4,266967,217,Barcelona,2014/2015,2025-12-13T18:46:44.244850,58,56.0,520.99,18.08,5.0,75.0,0.77,18.0,39.0,2.0,0.16,23.0,10.0,371.3,13.0,2.0,1.0,15.0,3.0,0.96,8.0,1.0,0.0,0.0,0.0,9.0,0.0,3.0,0.0,0.0,0.12,78.57,55.47,310.73,36.0,103.0,0.97,15.0,0.0,4.0,0.0,1.0,3.0,0.0,1.0,122.0,,0.0,0.0,3.0,35.0,11.0,2.0,,1.0,0.0,0.0,0.0,,95.0,12.0,40.0,0.09,0.97,2.0,0.28,1.5
6379,Sergi Roberto Carnicer,0,266967,217,Barcelona,2014/2015,2025-12-13T18:46:45.202628,58,69.0,460.46,21.24,1.0,94.0,0.9,19.0,11.0,1.0,0.2,11.0,9.0,264.15,1.0,0.0,0.0,3.0,0.0,1.0,9.0,9.0,1.0,0.0,0.0,7.0,0.0,0.0,1.0,1.0,0.22,55.91,42.63,247.46,67.0,78.0,1.0,9.0,0.0,0.0,0.0,0.0,1.0,0.0,1.0,128.0,,0.0,2.0,5.0,12.0,2.0,3.0,,1.0,0.0,0.0,2.0,,73.0,19.0,28.0,0.1,1.0,0.0,0.04,0.55
6998,Rafael Alcântara do Nascimento,1,266967,217,Barcelona,2014/2015,2025-12-13T18:46:46.161579,58,67.0,438.23,20.81,6.0,73.0,0.96,11.0,24.0,2.0,0.18,21.0,10.0,315.58,6.0,1.0,1.0,7.0,2.0,0.93,12.0,8.0,0.0,1.0,1.0,6.0,1.0,2.0,1.0,0.0,0.33,64.88,41.04,330.55,57.0,93.0,0.92,13.0,0.0,2.0,0.0,0.0,4.0,0.0,1.0,124.0,,1.0,2.0,5.0,31.0,3.0,2.0,1.0,2.0,0.0,0.0,3.0,0.33,71.0,15.0,17.0,0.16,0.92,3.0,0.24,0.55
4320,Neymar da Silva Santos Junior,5,267085,217,Barcelona,2014/2015,2025-12-13T18:46:47.315944,44,63.0,315.35,17.31,7.0,45.0,0.84,5.0,24.0,1.0,0.18,20.0,8.0,293.21,3.0,1.0,1.0,13.0,4.0,0.96,17.0,3.0,0.0,1.0,0.0,3.0,0.0,0.0,1.0,0.0,0.0,80.0,22.25,199.89,23.0,59.0,0.97,16.0,0.0,3.0,0.0,1.0,6.0,1.0,2.0,75.0,,0.0,0.0,4.0,5.0,4.0,1.0,,2.0,0.0,0.0,1.0,1.0,67.0,9.0,20.0,0.19,0.97,1.0,0.02,0.54
5203,Sergio Busquets i Burgos,0,267085,217,Barcelona,2014/2015,2025-12-13T18:46:47.987536,44,60.0,292.68,20.09,2.0,58.0,0.88,14.0,12.0,0.0,0.02,5.0,3.0,62.48,0.0,0.0,0.0,1.0,0.0,0.89,20.0,2.0,0.0,1.0,0.0,8.0,0.0,2.0,0.0,0.0,0.0,60.01,46.79,236.36,34.0,21.0,0.86,10.0,0.0,1.0,0.0,4.0,1.0,0.0,0.0,68.0,,0.0,1.0,5.0,10.0,2.0,1.0,,0.0,0.0,0.0,3.0,0.33,53.0,12.0,18.0,0.2,0.86,0.0,,0.86
5216,Andrés Iniesta Luján,1,267085,217,Barcelona,2014/2015,2025-12-13T18:46:48.660242,44,43.0,326.88,19.64,3.0,59.0,0.83,18.0,18.0,1.0,0.14,11.0,10.0,256.34,1.0,1.0,1.0,5.0,1.0,1.0,8.0,2.0,0.0,0.0,1.0,4.0,0.0,0.0,0.0,0.0,0.0,66.74,32.92,275.27,22.0,28.0,1.0,5.0,0.0,2.0,0.0,1.0,0.0,1.0,0.0,66.0,,0.0,0.0,2.0,19.0,2.0,2.0,,0.0,0.0,0.0,0.0,,59.0,7.0,13.0,0.12,1.0,1.0,0.03,0.3
5246,Luis Alberto Suárez Díaz,4,267085,217,Barcelona,2014/2015,2025-12-13T18:46:49.336186,44,46.0,170.94,20.01,6.0,33.0,0.94,7.0,12.0,3.0,0.06,4.0,4.0,65.59,1.0,1.0,2.0,2.0,5.0,0.5,8.0,1.0,0.0,1.0,0.0,4.0,0.0,0.0,0.0,0.0,0.12,78.24,47.37,441.07,11.0,24.0,0.67,4.0,0.0,2.0,0.0,2.0,1.0,0.0,0.0,34.0,,0.0,0.0,4.0,17.0,3.0,1.0,1.0,0.0,0.0,0.0,1.0,1.0,50.0,6.0,26.0,0.12,0.67,2.0,0.56,0.9
20131,Xavier Hernández Creus,1,267085,217,Barcelona,2014/2015,2025-12-13T18:46:50.011842,44,40.0,261.3,21.36,1.0,57.0,0.88,14.0,19.0,0.0,0.07,4.0,2.0,57.11,0.0,0.0,0.0,0.0,0.0,1.0,7.0,1.0,1.0,0.0,0.0,1.0,0.0,1.0,0.0,0.0,0.0,63.44,43.21,488.15,22.0,11.0,1.0,3.0,0.0,1.0,0.0,0.0,0.0,0.0,0.0,69.0,,0.0,0.0,2.0,7.0,7.0,6.0,,0.0,0.0,0.0,0.0,,49.0,7.0,21.0,0.0,1.0,1.0,,0.2
4320,Neymar da Silva Santos Junior,5,267183,217,Barcelona,2014/2015,2025-12-13T18:46:50.908214,52,53.0,331.26,16.3,3.0,40.0,0.82,5.0,19.0,3.0,0.15,13.0,10.0,312.58,5.0,4.0,2.0,7.0,3.0,0.97,24.0,8.0,1.0,1.0,0.0,10.0,0.0,0.0,0.0,0.0,0.04,74.81,17.92,155.62,13.0,67.0,0.97,3.0,0.0,9.0,0.0,2.0,4.0,0.0,0.0,74.0,,1.0,0.0,3.0,10.0,4.0,0.0,,0.0,0.0,0.0,2.0,0.5,55.0,3.0,20.0,0.11,0.97,4.0,0.24,1.35
5216,Andrés Iniesta Luján,1,267183,217,Barcelona,2014/2015,2025-12-13T18:46:51.674715,52,53.0,348.0,18.1,2.0,56.0,0.79,19.0,21.0,0.0,0.3,12.0,9.0,203.94,1.0,0.0,1.0,5.0,1.0,0.96,22.0,3.0,0.0,0.0,1.0,12.0,0.0,1.0,1.0,0.0,0.05,63.52,25.25,223.17,18.0,59.0,0.97,5.0,0.0,0.0,0.0,1.0,0.0,1.0,0.0,89.0,,0.0,0.0,5.0,2.0,3.0,1.0,,1.0,0.0,0.0,4.0,,64.0,6.0,15.0,0.15,0.97,0.0,,0.48
5470,Ivan Rakitić,1,267183,217,Barcelona,2014/2015,2025-12-13T18:46:52.439864,52,49.0,145.39,27.65,3.0,36.0,0.67,6.0,13.0,0.0,0.33,4.0,2.0,57.95,1.0,0.0,1.0,0.0,0.0,0.9,16.0,4.0,1.0,0.0,1.0,5.0,0.0,0.0,0.0,0.0,0.0,57.97,56.08,393.02,12.0,47.0,0.94,3.0,0.0,0.0,0.0,1.0,0.0,0.0,0.0,51.0,,0.0,0.0,1.0,7.0,7.0,2.0,,0.0,0.0,0.0,1.0,,31.0,4.0,14.0,0.06,0.94,0.0,,1.0
5503,Lionel Andrés Messi Cuccittini,4,267183,217,Barcelona,2014/2015,2025-12-13T18:46:53.208168,52,72.0,316.23,19.73,3.0,47.0,0.79,19.0,23.0,4.0,0.11,21.0,12.0,422.9,6.0,6.0,3.0,7.0,2.0,0.94,28.0,7.0,2.0,0.0,1.0,7.0,0.0,1.0,0.0,0.0,0.04,69.9,56.24,315.54,30.0,63.0,0.95,9.0,0.0,9.0,0.0,1.0,3.0,0.0,0.0,86.0,,0.0,0.0,5.0,14.0,6.0,1.0,0.33,1.0,0.0,0.0,0.0,,62.0,10.0,15.0,0.04,0.95,4.0,0.63,1.35
5506,Javier Alejandro Mascherano,0,267183,217,Barcelona,2014/2015,2025-12-13T18:46:53.971889,52,60.0,369.97,18.81,0.0,67.0,0.96,11.0,6.0,2.0,0.15,10.0,7.0,170.53,0.0,0.0,1.0,1.0,0.0,1.0,20.0,4.0,0.0,0.0,0.0,5.0,0.0,2.0,1.0,0.0,0.05,51.31,37.58,232.61,35.0,36.0,1.0,7.0,0.0,0.0,0.0,2.0,1.0,1.0,0.0,62.0,,0.0,0.0,4.0,2.0,0.0,1.0,,1.0,0.0,0.0,0.0,,58.0,9.0,17.0,0.08,1.0,0.0,0.13,1.08
4320,Neymar da Silva Santos Junior,5,267197,217,Barcelona,2014/2015,2025-12-13T18:46:54.946451,45,65.0,755.05,13.75,6.0,78.0,0.83,11.0,49.0,3.0,0.09,30.0,7.0,586.93,7.0,7.0,4.0,23.0,9.0,0.9,14.0,7.0,0.0,3.0,0.0,11.0,0.0,1.0,0.0,0.0,0.07,82.67,18.03,151.12,14.0,86.0,0.92,24.0,0.0,9.0,0.0,1.0,4.0,0.0,1.0,167.0,,1.0,1.0,1.0,12.0,10.0,6.0,,1.0,0.0,0.0,4.0,0.75,104.0,5.0,33.0,0.13,0.92,6.0,0.12,1.59
5503,Lionel Andrés Messi Cuccittini,4,267197,217,Barcelona,2014/2015,2025-12-13T18:46:56.010656,45,53.0,632.9,17.82,2.0,99.0,0.82,30.0,60.0,1.0,0.15,14.0,4.0,213.11,6.0,3.0,1.0,6.0,1.0,0.93,5.0,3.0,0.0,0.0,1.0,3.0,0.0,0.0,0.0,0.0,0.0,79.84,51.04,276.51,72.0,64.0,0.95,16.0,0.0,5.0,0.0,0.0,1.0,0.0,0.0,148.0,,0.0,0.0,2.0,68.0,13.0,3.0,,1.0,0.0,0.0,0.0,,112.0,27.0,43.0,0.07,0.95,2.0,0.04,1.74
6379,Sergi Roberto Carnicer,0,267197,217,Barcelona,2014/2015,2025-12-13T18:46:57.073600,45,55.0,822.77,16.34,2.0,118.0,0.97,26.0,34.0,0.0,0.04,8.0,5.0,123.29,0.0,0.0,0.0,4.0,0.0,1.0,13.0,2.0,0.0,1.0,0.0,8.0,0.0,1.0,0.0,0.0,0.23,64.49,42.19,109.27,184.0,21.0,1.0,33.0,0.0,0.0,0.0,0.0,1.0,0.0,0.0,168.0,,0.0,0.0,5.0,39.0,1.0,0.0,,0.0,0.0,0.0,3.0,0.33,113.0,61.0,27.0,0.16,1.0,0.0,,0.68
6998,Rafael Alcântara do Nascimento,1,267197,217,Barcelona,2014/2015,2025-12-13T18:46:58.146664,45,60.0,825.13,15.42,4.0,103.0,0.95,12.0,53.0,1.0,0.14,18.0,5.0,240.63,7.0,2.0,1.0,13.0,7.0,0.95,13.0,6.0,0.0,0.0,0.0,3.0,0.0,3.0,2.0,0.0,0.08,78.27,50.29,253.5,34.0,82.0,0.96,16.0,0.0,4.0,0.0,0.0,2.0,0.0,1.0,156.0,,0.0,1.0,5.0,59.0,8.0,2.0,0.5,0.0,0.0,0.0,2.0,,114.0,10.0,36.0,0.13,0.96,2.0,,1.08
20131,Xavier Hernández Creus,1,267197,217,Barcelona,2014/2015,2025-12-13T18:46:59.209527,45,54.0,879.55,15.89,0.0,122.0,0.9,36.0,63.0,1.0,0.03,20.0,10.0,317.27,1.0,1.0,1.0,6.0,0.0,1.0,7.0,7.0,2.0,0.0,0.0,4.0,0.0,0.0,0.0,0.0,0.14,74.48,31.03,158.71,55.0,21.0,1.0,7.0,0.0,4.0,0.0,0.0,0.0,0.0,0.0,137.0,0.67,0.0,0.0,2.0,39.0,10.0,7.0,,0.0,0.0,0.0,0.0,,113.0,17.0,38.0,0.02,1.0,2.0,0.01,1.13
4320,Neymar da Silva Santos Junior,5,267301,217,Barcelona,2014/2015,2025-12-13T18:47:00.482864,53,68.0,292.17,20.74,9.0,45.0,0.73,10.0,27.0,2.0,0.04,15.0,5.0,263.94,5.0,4.0,1.0,7.0,7.0,0.86,10.0,4.0,0.0,0.0,1.0,6.0,0.0,1.0,0.0,0.0,0.1,80.69,22.09,237.8,29.0,79.0,0.87,14.0,0.0,6.0,0.0,1.0,7.0,0.0,2.0,113.0,1.0,0.0,0.0,8.0,7.0,7.0,0.0,0.5,1.0,0.0,0.0,1.0,,75.0,12.0,13.0,0.15,0.87,3.0,0.12,1.23
5203,Sergio Busquets i Burgos,0,267301,217,Barcelona,2014/2015,2025-12-13T18:47:01.278662,53,52.0,265.83,18.28,1.0,44.0,0.93,15.0,3.0,0.0,0.16,3.0,2.0,46.51,1.0,1.0,1.0,0.0,0.0,1.0,17.0,1.0,2.0,0.0,0.0,9.0,0.0,3.0,0.0,1.0,0.12,54.66,40.37,368.52,35.0,35.0,1.0,2.0,0.0,0.0,0.0,1.0,3.0,0.0,0.0,97.0,,0.0,3.0,3.0,4.0,0.0,0.0,,5.0,0.0,0.0,1.0,,39.0,9.0,8.0,0.14,1.0,0.0,,0.29
5246,Luis Alberto Suárez Díaz,4,267301,217,Barcelona,2014/2015,2025-12-13T18:47:02.076802,53,70.0,261.89,25.2,6.0,47.0,0.7,4.0,26.0,2.0,0.21,6.0,4.0,99.45,3.0,5.0,2.0,5.0,16.0,0.94,9.0,3.0,0.0,1.0,1.0,4.0,0.0,1.0,0.0,0.0,0.22,86.39,49.68,337.4,25.0,88.0,0.95,8.0,0.0,8.0,0.0,1.0,3.0,0.0,0.0,142.0,,0.0,1.0,5.0,23.0,8.0,3.0,0.33,2.0,0.0,0.0,1.0,1.0,81.0,11.0,22.0,0.2,0.95,4.0,0.22,1.26
5470,Ivan Rakitić,1,267301,217,Barcelona,2014/2015,2025-12-13T18:47:02.875958,53,75.0,197.58,33.1,3.0,63.0,0.83,21.0,34.0,3.0,0.06,4.0,2.0,59.24,0.0,2.0,1.0,3.0,1.0,0.89,18.0,9.0,1.0,1.0,1.0,3.0,1.0,3.0,0.0,0.0,0.17,70.11,50.27,575.67,12.0,30.0,0.93,6.0,0.0,7.0,0.0,0.0,2.0,0.0,0.0,132.0,0.33,1.0,2.0,2.0,8.0,12.0,2.0,0.6,3.0,0.0,0.0,2.0,0.5,50.0,2.0,12.0,0.15,0.93,4.0,0.32,1.12
6998,Rafael Alcântara do Nascimento,1,267301,217,Barcelona,2014/2015,2025-12-13T18:47:03.670055,53,47.0,158.77,23.05,1.0,31.0,0.87,7.0,14.0,1.0,0.19,6.0,3.0,88.53,1.0,2.0,2.0,3.0,0.0,1.0,16.0,9.0,0.0,0.0,0.0,11.0,1.0,4.0,0.0,0.0,0.19,68.67,29.84,407.72,20.0,37.0,1.0,5.0,0.0,0.0,0.0,2.0,4.0,0.0,1.0,60.0,,0.0,0.0,3.0,5.0,1.0,0.0,,2.0,0.0,0.0,2.0,,28.0,5.0,5.0,0.1,1.0,0.0,0.02,0.48
4320,Neymar da Silva Santos Junior,5,267343,217,Barcelona,2014/2015,2025-12-13T18:47:04.641080,61,61.0,331.4,17.74,9.0,46.0,0.78,8.0,21.0,4.0,0.15,16.0,9.0,308.95,4.0,2.0,2.0,12.0,5.0,0.85,17.0,8.0,0.0,1.0,0.0,12.0,1.0,3.0,0.0,0.0,0.18,75.51,16.67,160.71,16.0,66.0,0.89,12.0,0.0,4.0,0.0,1.0,1.0,1.0,0.0,115.0,,1.0,0.0,6.0,2.0,6.0,0.0,0.67,2.0,0.0,0.0,3.0,0.33,69.0,5.0,21.0,0.09,0.89,2.0,0.47,1.92
5470,Ivan Rakitić,1,267343,217,Barcelona,2014/2015,2025-12-13T18:47:05.377237,61,61.0,211.02,28.43,4.0,55.0,0.82,23.0,22.0,3.0,0.13,3.0,2.0,40.73,2.0,3.0,2.0,1.0,1.0,0.88,16.0,5.0,0.0,0.0,1.0,6.0,0.0,0.0,0.0,0.0,0.0,65.53,49.38,321.11,35.0,41.0,0.95,8.0,0.0,5.0,0.0,2.0,1.0,0.0,0.0,107.0,1.0,0.0,1.0,4.0,16.0,6.0,0.0,1.0,2.0,0.0,0.0,1.0,,51.0,10.0,14.0,0.16,0.95,1.0,0.2,2.89
5503,Lionel Andrés Messi Cuccittini,4,267343,217,Barcelona,2014/2015,2025-12-13T18:47:06.035070,61,51.0,255.76,24.63,7.0,48.0,0.73,20.0,28.0,1.0,0.06,14.0,6.0,225.16,6.0,2.0,0.0,9.0,6.0,0.91,5.0,5.0,0.0,1.0,0.0,1.0,0.0,0.0,0.0,0.0,0.0,76.09,55.97,412.94,18.0,44.0,0.91,15.0,0.0,7.0,0.0,0.0,4.0,0.0,2.0,110.0,0.5,0.0,0.0,12.0,7.0,7.0,3.0,1.0,0.0,0.0,0.0,1.0,1.0,63.0,6.0,18.0,0.21,0.91,3.0,0.39,2.31
5506,Javier Alejandro Mascherano,0,267343,217,Barcelona,2014/2015,2025-12-13T18:47:06.693897,61,57.0,302.12,17.68,1.0,50.0,0.82,16.0,8.0,0.0,0.18,7.0,4.0,131.97,1.0,1.0,0.0,0.0,0.0,0.92,18.0,2.0,1.0,2.0,2.0,12.0,0.0,2.0,0.0,0.0,0.11,44.5,32.47,268.48,19.0,36.0,0.94,8.0,0.0,2.0,0.0,2.0,0.0,0.0,0.0,114.0,,1.0,1.0,2.0,0.0,1.0,2.0,,2.0,0.0,0.0,4.0,0.5,45.0,3.0,6.0,0.07,0.94,1.0,,2.07
20131,Xavier Hernández Creus,1,267343,217,Barcelona,2014/2015,2025-12-13T18:47:07.371527,61,36.0,153.27,20.75,2.0,32.0,0.78,7.0,9.0,0.0,0.16,3.0,2.0,44.06,1.0,0.0,0.0,0.0,0.0,0.89,12.0,4.0,0.0,1.0,1.0,6.0,0.0,0.0,0.0,0.0,0.25,62.48,25.44,372.41,11.0,24.0,0.88,4.0,0.0,3.0,0.0,0.0,1.0,0.0,0.0,51.0,0.5,1.0,0.0,1.0,3.0,3.0,3.0,,0.0,0.0,0.0,3.0,0.33,30.0,5.0,11.0,0.03,0.88,2.0,,1.25
3958,Pedro Eliezer Rodríguez Ledesma,5,267400,217,Barcelona,2014/2015,2025-12-13T18:47:08.215811,33,55.0,357.02,21.68,3.0,62.0,0.82,9.0,32.0,3.0,0.02,24.0,14.0,377.61,3.0,2.0,2.0,20.0,7.0,0.87,8.0,6.0,0.0,0.0,0.0,0.0,0.0,0.0,1.0,0.0,0.0,80.32,19.92,311.2,4.0,26.0,0.88,16.0,0.0,5.0,0.0,0.0,2.0,0.0,2.0,103.0,1.0,0.0,0.0,0.0,5.0,12.0,2.0,0.17,0.0,0.0,0.0,1.0,,65.0,3.0,14.0,0.28,0.88,3.0,0.1,1.29
5470,Ivan Rakitić,1,267400,217,Barcelona,2014/2015,2025-12-13T18:47:09.015132,33,46.0,334.79,17.92,3.0,51.0,0.94,14.0,18.0,0.0,0.06,2.0,2.0,29.41,0.0,3.0,1.0,0.0,4.0,0.82,10.0,8.0,0.0,0.0,0.0,6.0,1.0,1.0,0.0,0.0,0.1,72.14,48.77,315.15,11.0,31.0,0.87,9.0,0.0,5.0,0.0,0.0,1.0,0.0,0.0,89.0,,0.0,2.0,8.0,18.0,2.0,2.0,,3.0,0.0,0.0,0.0,,54.0,2.0,11.0,0.04,0.87,2.0,,0.15
5503,Lionel Andrés Messi Cuccittini,4,267400,217,Barcelona,2014/2015,2025-12-13T18:47:09.816875,33,59.0,528.46,16.58,9.0,69.0,0.81,18.0,51.0,0.0,0.12,27.0,12.0,510.79,4.0,2.0,0.0,20.0,5.0,0.88,1.0,4.0,0.0,1.0,0.0,2.0,0.0,0.0,0.0,0.0,1.0,84.39,60.38,193.04,20.0,75.0,0.91,24.0,0.0,3.0,0.0,0.0,1.0,0.0,0.0,140.0,0.67,0.0,0.0,2.0,38.0,13.0,4.0,0.6,2.0,0.0,0.0,1.0,1.0,94.0,5.0,21.0,0.07,0.91,1.0,,1.42
6379,Sergi Roberto Carnicer,0,267400,217,Barcelona,2014/2015,2025-12-13T18:47:10.614694,33,59.0,304.13,23.28,0.0,61.0,0.97,12.0,18.0,0.0,0.03,6.0,3.0,103.95,0.0,0.0,0.0,0.0,1.0,1.0,18.0,6.0,0.0,1.0,0.0,11.0,0.0,1.0,0.0,1.0,0.17,63.88,45.75,187.94,59.0,25.0,1.0,3.0,0.0,0.0,0.0,3.0,4.0,0.0,0.0,104.0,,0.0,3.0,2.0,18.0,0.0,1.0,,2.0,0.0,0.0,4.0,0.25,53.0,19.0,16.0,0.13,1.0,0.0,,0.34
20131,Xavier Hernández Creus,1,267400,217,Barcelona,2014/2015,2025-12-13T18:47:11.414459,33,68.0,576.94,20.28,0.0,104.0,0.89,32.0,47.0,4.0,0.05,13.0,9.0,207.99,1.0,0.0,0.0,0.0,0.0,1.0,8.0,4.0,1.0,0.0,0.0,5.0,0.0,0.0,0.0,0.0,0.25,69.85,33.08,248.33,48.0,39.0,1.0,6.0,0.0,4.0,0.0,0.0,2.0,0.0,0.0,149.0,0.56,0.0,0.0,5.0,26.0,14.0,5.0,,0.0,0.0,0.0,2.0,,93.0,17.0,17.0,0.01,1.0,3.0,0.17,1.61
3958,Pedro Eliezer Rodríguez Ledesma,4,267499,217,Barcelona,2014/2015,2025-12-13T18:47:12.402786,65,20.0,98.03,17.75,1.0,14.0,0.93,1.0,4.0,0.0,0.14,3.0,0.0,34.8,2.0,0.0,0.0,2.0,1.0,0.71,6.0,2.0,1.0,0.0,0.0,1.0,0.0,0.0,0.0,0.0,0.0,77.56,20.7,290.64,10.0,15.0,0.73,3.0,0.0,2.0,0.0,1.0,1.0,0.0,0.0,44.0,,0.0,0.0,1.0,1.0,0.0,1.0,1.0,1.0,0.0,0.0,0.0,,21.0,4.0,2.0,,0.73,1.0,,0.89
5203,Sergio Busquets i Burgos,0,267499,217,Barcelona,2014/2015,2025-12-13T18:47:13.072077,65,41.0,125.06,21.59,0.0,27.0,0.81,11.0,3.0,0.0,0.11,1.0,0.0,10.18,0.0,0.0,0.0,0.0,1.0,1.0,20.0,2.0,1.0,0.0,2.0,4.0,0.0,1.0,0.0,0.0,0.15,51.48,34.74,213.15,37.0,18.0,1.0,4.0,0.0,2.0,0.0,1.0,2.0,0.0,0.0,56.0,,0.0,1.0,1.0,1.0,1.0,1.0,,2.0,0.0,0.0,1.0,,21.0,12.0,2.0,0.08,1.0,1.0,,1.55
5470,Ivan Rakitić,1,267499,217,Barcelona,2014/2015,2025-12-13T18:47:13.742706,65,60.0,299.12,21.06,2.0,58.0,0.86,14.0,26.0,2.0,0.09,6.0,2.0,81.1,1.0,1.0,2.0,2.0,2.0,0.91,13.0,4.0,1.0,2.0,0.0,8.0,0.0,1.0,0.0,0.0,0.15,72.13,52.38,336.9,20.0,35.0,0.94,8.0,0.0,4.0,0.0,0.0,2.0,0.0,0.0,94.0,0.5,0.0,4.0,2.0,14.0,7.0,3.0,,3.0,0.0,0.0,3.0,0.67,56.0,6.0,15.0,0.11,0.94,3.0,0.13,1.98
6616,Munir El Haddadi Mohamed,5,267499,217,Barcelona,2014/2015,2025-12-13T18:47:14.415153,65,24.0,111.48,18.84,5.0,15.0,0.67,2.0,6.0,1.0,0.2,0.0,0.0,0.0,1.0,4.0,1.0,0.0,4.0,0.8,4.0,1.0,0.0,0.0,0.0,3.0,0.0,0.0,0.0,1.0,0.25,84.73,57.79,419.89,1.0,24.0,0.88,7.0,0.0,6.0,0.0,0.0,0.0,0.0,0.0,31.0,,0.0,1.0,1.0,3.0,4.0,0.0,0.33,0.0,0.0,0.0,0.0,,26.0,0.0,3.0,0.21,0.88,3.0,0.14,1.44
6998,Rafael Alcântara do Nascimento,1,267499,217,Barcelona,2014/2015,2025-12-13T18:47:15.087418,65,59.0,256.62,23.61,2.0,50.0,0.9,7.0,18.0,0.0,0.22,12.0,7.0,231.23,2.0,0.0,0.0,5.0,2.0,1.0,19.0,4.0,0.0,1.0,1.0,16.0,1.0,0.0,0.0,0.0,0.21,70.85,28.77,304.82,19.0,63.0,1.0,3.0,0.0,0.0,0.0,4.0,6.0,0.0,2.0,102.0,,0.0,2.0,3.0,16.0,3.0,2.0,1.0,1.0,0.0,0.0,2.0,0.5,51.0,2.0,11.0,0.14,1.0,0.0,,1.5
4320,Neymar da Silva Santos Junior,5,267561,217,Barcelona,2014/2015,2025-12-13T18:47:15.958409,57,63.0,230.41,17.45,9.0,29.0,0.83,8.0,17.0,1.0,,9.0,5.0,151.77,0.0,2.0,1.0,6.0,2.0,0.75,18.0,2.0,1.0,2.0,0.0,10.0,0.0,1.0,0.0,0.0,0.28,81.48,23.65,259.38,22.0,32.0,0.81,10.0,0.0,2.0,0.0,1.0,5.0,0.0,1.0,98.0,1.0,0.0,0.0,12.0,12.0,4.0,1.0,,3.0,0.0,0.0,3.0,0.67,57.0,8.0,14.0,0.19,0.81,1.0,0.13,0.32
5203,Sergio Busquets i Burgos,0,267561,217,Barcelona,2014/2015,2025-12-13T18:47:16.598921,57,70.0,221.91,29.2,0.0,61.0,0.92,14.0,11.0,2.0,0.1,2.0,0.0,26.78,0.0,2.0,3.0,0.0,0.0,1.0,27.0,3.0,1.0,2.0,1.0,13.0,0.0,2.0,1.0,0.0,0.22,56.95,48.93,298.32,48.0,27.0,1.0,2.0,0.0,0.0,0.0,2.0,4.0,0.0,0.0,109.0,,0.0,4.0,0.0,8.0,0.0,0.0,,1.0,0.0,0.0,3.0,0.67,42.0,12.0,13.0,0.16,1.0,0.0,0.09,0.92
5216,Andrés Iniesta Luján,1,267561,217,Barcelona,2014/2015,2025-12-13T18:47:17.240276,57,56.0,192.96,24.56,4.0,37.0,0.76,12.0,14.0,0.0,0.05,12.0,5.0,205.73,1.0,1.0,0.0,3.0,1.0,1.0,18.0,8.0,0.0,0.0,0.0,7.0,0.0,2.0,0.0,0.0,0.11,65.36,26.13,313.62,30.0,25.0,1.0,6.0,0.0,3.0,0.0,0.0,0.0,0.0,0.0,76.0,,0.0,0.0,8.0,9.0,2.0,0.0,,1.0,0.0,0.0,2.0,,44.0,9.0,11.0,0.11,1.0,1.0,,0.17
6616,Munir El Haddadi Mohamed,4,267561,217,Barcelona,2014/2015,2025-12-13T18:47:17.880312,57,49.0,123.72,26.19,3.0,28.0,0.86,5.0,6.0,1.0,0.11,7.0,3.0,160.16,1.0,2.0,1.0,5.0,2.0,0.9,10.0,3.0,0.0,0.0,0.0,3.0,0.0,3.0,0.0,0.0,0.0,69.48,62.95,236.0,1.0,28.0,0.93,8.0,0.0,3.0,0.0,1.0,1.0,0.0,0.0,44.0,,0.0,1.0,13.0,11.0,0.0,2.0,,4.0,0.0,0.0,0.0,,41.0,0.0,7.0,0.04,0.93,1.0,,0.42
20131,Xavier Hernández Creus,1,267561,217,Barcelona,2014/2015,2025-12-13T18:47:18.524622,57,69.0,270.75,24.38,0.0,63.0,0.86,15.0,31.0,6.0,0.05,6.0,2.0,130.82,0.0,4.0,3.0,3.0,1.0,1.0,20.0,5.0,1.0,0.0,0.0,8.0,0.0,1.0,0.0,0.0,0.05,69.98,49.6,328.87,40.0,18.0,1.0,6.0,0.0,4.0,0.0,2.0,2.0,1.0,1.0,112.0,0.75,0.0,1.0,7.0,24.0,14.0,2.0,,0.0,0.0,0.0,2.0,,58.0,13.0,13.0,0.07,1.0,2.0,0.59,1.4
4320,Neymar da Silva Santos Junior,5,267597,217,Barcelona,2014/2015,2025-12-13T18:47:19.365920,44,73.0,537.5,18.42,7.0,81.0,0.83,9.0,53.0,0.0,0.16,22.0,9.0,382.19,5.0,1.0,0.0,15.0,9.0,0.91,3.0,6.0,0.0,0.0,0.0,3.0,0.0,0.0,1.0,0.0,0.0,88.31,14.92,266.33,17.0,72.0,0.92,12.0,0.0,4.0,0.0,2.0,3.0,0.0,0.0,197.0,0.5,0.0,0.0,7.0,10.0,8.0,1.0,,1.0,0.0,0.0,0.0,,107.0,7.0,38.0,0.13,0.92,2.0,,1.81
5203,Sergio Busquets i Burgos,0,267597,217,Barcelona,2014/2015,2025-12-13T18:47:20.231103,44,51.0,147.37,26.46,0.0,40.0,0.9,9.0,6.0,0.0,0.12,0.0,0.0,0.0,0.0,1.0,1.0,0.0,0.0,1.0,17.0,5.0,1.0,0.0,1.0,6.0,0.0,2.0,0.0,0.0,0.18,60.53,45.14,368.66,21.0,24.0,1.0,3.0,0.0,0.0,0.0,0.0,3.0,0.0,0.0,59.0,,0.0,2.0,0.0,3.0,0.0,4.0,,2.0,0.0,0.0,0.0,,22.0,5.0,8.0,0.08,1.0,0.0,,0.6
5216,Andrés Iniesta Luján,1,267597,217,Barcelona,2014/2015,2025-12-13T18:47:21.105853,44,62.0,379.75,21.8,1.0,69.0,0.9,25.0,43.0,2.0,0.13,9.0,5.0,176.23,1.0,3.0,2.0,3.0,3.0,1.0,12.0,6.0,2.0,0.0,1.0,7.0,0.0,0.0,0.0,1.0,0.0,76.75,23.83,241.04,29.0,45.0,1.0,12.0,0.0,5.0,0.0,0.0,5.0,0.0,2.0,123.0,1.0,0.0,0.0,2.0,10.0,9.0,1.0,0.5,1.0,0.0,0.0,0.0,,75.0,9.0,18.0,0.13,1.0,3.0,0.13,1.61
5503,Lionel Andrés Messi Cuccittini,4,267597,217,Barcelona,2014/2015,2025-12-13T18:47:21.966601,44,73.0,450.46,21.05,5.0,78.0,0.86,23.0,54.0,4.0,0.12,23.0,12.0,456.49,4.0,3.0,2.0,14.0,5.0,0.9,8.0,4.0,1.0,0.0,0.0,4.0,0.0,1.0,0.0,0.0,0.0,81.34,55.42,317.45,42.0,61.0,0.92,16.0,0.0,4.0,0.0,1.0,5.0,0.0,0.0,188.0,1.0,0.0,0.0,7.0,43.0,13.0,2.0,0.67,2.0,0.0,0.0,0.0,,94.0,17.0,36.0,0.12,0.92,2.0,0.24,2.69
6998,Rafael Alcântara do Nascimento,1,267597,217,Barcelona,2014/2015,2025-12-13T18:47:22.829221,44,67.0,297.57,23.19,1.0,56.0,0.95,3.0,17.0,1.0,0.07,9.0,3.0,109.28,2.0,2.0,0.0,2.0,3.0,1.0,21.0,7.0,1.0,2.0,1.0,11.0,0.0,3.0,0.0,0.0,0.14,72.37,49.87,304.93,19.0,34.0,1.0,6.0,0.0,7.0,0.0,1.0,2.0,1.0,0.0,128.0,,1.0,2.0,1.0,21.0,2.0,1.0,,1.0,0.0,1.0,3.0,0.67,60.0,5.0,16.0,0.07,1.0,3.0,0.02,1.22
3958,Pedro Eliezer Rodríguez Ledesma,5,70264,217,Barcelona,2014/2015,2025-12-13T18:47:23.890179,45,53.0,238.6,22.88,2.0,47.0,0.79,7.0,23.0,0.0,0.36,7.0,5.0,120.46,1.0,3.0,0.0,4.0,6.0,1.0,8.0,5.0,0.0,0.0,0.0,6.0,0.0,1.0,1.0,0.0,0.12,82.08,19.48,173.15,9.0,55.0,1.0,8.0,0.0,8.0,0.0,1.0,3.0,0.0,1.0,83.0,1.0,0.0,0.0,2.0,6.0,7.0,0.0,,0.0,0.0,0.0,1.0,,56.0,2.0,16.0,0.2,1.0,3.0,,0.99
5203,Sergio Busquets i Burgos,0,70264,217,Barcelona,2014/2015,2025-12-13T18:47:24.885886,45,80.0,415.65,24.25,2.0,96.0,0.96,23.0,25.0,1.0,0.29,4.0,3.0,58.72,2.0,0.0,1.0,1.0,0.0,1.0,13.0,6.0,1.0,0.0,0.0,6.0,0.0,1.0,0.0,0.0,0.15,63.76,46.25,250.49,65.0,75.0,1.0,6.0,0.0,0.0,0.0,0.0,3.0,0.0,0.0,142.0,,0.0,1.0,4.0,14.0,0.0,1.0,,0.0,0.0,0.0,2.0,,79.0,20.0,27.0,0.23,1.0,0.0,0.03,1.01
5470,Ivan Rakitić,1,70264,217,Barcelona,2014/2015,2025-12-13T18:47:25.877511,45,49.0,222.1,21.34,1.0,42.0,0.88,11.0,17.0,0.0,0.26,1.0,0.0,12.39,2.0,0.0,0.0,0.0,0.0,1.0,12.0,4.0,1.0,0.0,0.0,8.0,0.0,3.0,0.0,0.0,0.17,67.86,57.87,151.05,18.0,41.0,1.0,8.0,0.0,2.0,0.0,0.0,3.0,0.0,0.0,85.0,,0.0,3.0,4.0,18.0,3.0,0.0,,2.0,0.0,0.0,2.0,,50.0,8.0,20.0,0.25,1.0,1.0,,0.41
5503,Lionel Andrés Messi Cuccittini,4,70264,217,Barcelona,2014/2015,2025-12-13T18:47:26.871619,45,65.0,347.14,24.03,6.0,59.0,0.75,18.0,33.0,2.0,0.49,12.0,8.0,227.45,10.0,7.0,3.0,9.0,7.0,0.92,6.0,6.0,0.0,0.0,0.0,4.0,1.0,0.0,0.0,0.0,0.0,80.55,48.45,254.99,49.0,126.0,0.95,7.0,0.0,9.0,0.0,0.0,6.0,0.0,2.0,167.0,,0.0,0.0,2.0,62.0,9.0,0.0,,0.0,0.0,0.0,0.0,,84.0,18.0,41.0,0.12,0.95,5.0,0.07,1.31
20131,Xavier Hernández Creus,1,70264,217,Barcelona,2014/2015,2025-12-13T18:47:27.861400,45,79.0,548.57,21.77,5.0,103.0,0.86,25.0,37.0,1.0,0.36,10.0,7.0,133.57,1.0,5.0,1.0,1.0,2.0,0.96,7.0,7.0,1.0,1.0,2.0,9.0,0.0,1.0,0.0,0.0,0.43,69.89,38.95,228.39,75.0,113.0,0.96,9.0,0.0,6.0,0.0,1.0,4.0,0.0,0.0,171.0,0.67,0.0,0.0,4.0,39.0,9.0,1.0,,1.0,0.0,0.0,1.0,1.0,106.0,28.0,40.0,0.04,0.96,3.0,0.05,1.25
3958,Pedro Eliezer Rodríguez Ledesma,5,70273,217,Barcelona,2014/2015,2025-12-13T18:47:29.071763,49,47.0,122.35,28.93,2.0,27.0,0.74,7.0,15.0,1.0,0.07,8.0,6.0,158.12,2.0,0.0,1.0,3.0,3.0,1.0,18.0,2.0,0.0,0.0,0.0,4.0,0.0,0.0,0.0,0.0,0.0,72.44,38.27,491.62,26.0,20.0,1.0,9.0,0.0,1.0,0.0,5.0,2.0,0.0,2.0,71.0,,0.0,0.0,3.0,16.0,5.0,0.0,,0.0,0.0,0.0,0.0,,38.0,7.0,10.0,0.3,1.0,0.0,0.03,0.7
5203,Sergio Busquets i Burgos,0,70273,217,Barcelona,2014/2015,2025-12-13T18:47:29.906409,49,72.0,322.54,24.56,0.0,72.0,0.88,24.0,19.0,0.0,0.19,2.0,0.0,23.98,1.0,0.0,1.0,0.0,0.0,1.0,23.0,6.0,0.0,1.0,0.0,8.0,0.0,0.0,0.0,0.0,0.13,58.61,43.17,352.17,39.0,55.0,1.0,2.0,0.0,0.0,0.0,1.0,1.0,1.0,1.0,84.0,,0.0,0.0,5.0,7.0,0.0,0.0,,4.0,0.0,0.0,4.0,0.25,58.0,10.0,18.0,0.11,1.0,0.0,,1.1
5216,Andrés Iniesta Luján,1,70273,217,Barcelona,2014/2015,2025-12-13T18:47:30.739930,49,66.0,332.66,28.68,1.0,77.0,0.96,21.0,20.0,1.0,0.23,10.0,5.0,200.95,4.0,5.0,3.0,4.0,3.0,1.0,8.0,7.0,0.0,1.0,1.0,4.0,0.0,1.0,0.0,0.0,0.38,64.83,25.64,231.33,31.0,75.0,1.0,5.0,0.0,2.0,0.0,0.0,1.0,0.0,1.0,118.0,,0.0,0.0,4.0,12.0,3.0,3.0,,3.0,0.0,0.0,3.0,0.33,73.0,8.0,18.0,0.1,1.0,1.0,0.07,1.38
5470,Ivan Rakitić,1,70273,217,Barcelona,2014/2015,2025-12-13T18:47:31.570944,49,87.0,349.22,27.32,1.0,87.0,0.75,26.0,36.0,2.0,0.17,5.0,2.0,73.73,0.0,2.0,2.0,2.0,2.0,1.0,18.0,3.0,0.0,1.0,0.0,8.0,0.0,2.0,0.0,0.0,0.17,69.58,61.48,212.28,20.0,49.0,1.0,15.0,0.0,4.0,0.0,2.0,2.0,0.0,1.0,132.0,0.25,1.0,0.0,9.0,6.0,6.0,5.0,0.33,1.0,0.0,0.0,4.0,0.25,76.0,5.0,11.0,0.07,1.0,2.0,0.14,1.31
6616,Munir El Haddadi Mohamed,4,70273,217,Barcelona,2014/2015,2025-12-13T18:47:32.400418,49,54.0,167.28,22.24,3.0,29.0,0.69,6.0,14.0,1.0,0.14,6.0,3.0,91.19,3.0,6.0,3.0,4.0,4.0,1.0,12.0,4.0,0.0,1.0,1.0,5.0,0.0,1.0,0.0,0.0,0.0,79.29,47.89,560.1,16.0,34.0,1.0,8.0,0.0,7.0,0.0,1.0,3.0,0.0,0.0,82.0,,0.0,0.0,8.0,17.0,5.0,1.0,0.5,2.0,0.0,0.0,2.0,0.5,47.0,6.0,12.0,0.12,1.0,3.0,0.06,1.39
4320,Neymar da Silva Santos Junior,5,70303,217,Barcelona,2014/2015,2025-12-13T18:47:33.415462,54,68.0,329.5,18.76,2.0,48.0,0.69,3.0,23.0,3.0,0.29,12.0,6.0,293.01,4.0,2.0,1.0,9.0,4.0,1.0,13.0,5.0,0.0,0.0,0.0,5.0,0.0,2.0,0.0,0.0,0.15,78.45,16.7,195.08,20.0,67.0,1.0,13.0,0.0,6.0,0.0,4.0,6.0,0.0,0.0,126.0,,0.0,0.0,9.0,6.0,3.0,1.0,1.0,1.0,0.0,1.0,0.0,,70.0,6.0,17.0,0.16,1.0,3.0,0.21,2.48
5203,Sergio Busquets i Burgos,0,70303,217,Barcelona,2014/2015,2025-12-13T18:47:34.257905,54,70.0,306.27,28.41,0.0,79.0,0.92,17.0,9.0,0.0,0.13,3.0,2.0,43.66,0.0,0.0,0.0,0.0,0.0,1.0,21.0,4.0,0.0,0.0,0.0,5.0,0.0,0.0,0.0,0.0,0.05,54.62,41.3,297.06,73.0,40.0,1.0,9.0,0.0,0.0,0.0,0.0,2.0,0.0,0.0,135.0,,0.0,0.0,4.0,15.0,0.0,1.0,,3.0,0.0,0.0,2.0,,65.0,22.0,15.0,0.13,1.0,0.0,,1.46
5216,Andrés Iniesta Luján,1,70303,217,Barcelona,2014/2015,2025-12-13T18:47:35.101610,54,61.0,379.61,20.23,2.0,63.0,0.89,20.0,19.0,1.0,0.24,11.0,6.0,211.68,3.0,3.0,1.0,3.0,1.0,1.0,26.0,4.0,0.0,2.0,0.0,11.0,1.0,2.0,0.0,0.0,0.12,61.56,27.86,305.57,18.0,58.0,1.0,6.0,0.0,3.0,0.0,1.0,3.0,0.0,1.0,130.0,,1.0,0.0,6.0,6.0,4.0,0.0,,1.0,0.0,0.0,4.0,0.5,63.0,4.0,19.0,0.08,1.0,2.0,0.05,1.48
5470,Ivan Rakitić,1,70303,217,Barcelona,2014/2015,2025-12-13T18:47:35.944124,54,58.0,226.56,24.1,1.0,52.0,0.73,12.0,24.0,1.0,0.1,4.0,1.0,50.47,1.0,1.0,0.0,1.0,1.0,1.0,15.0,4.0,1.0,2.0,0.0,6.0,0.0,2.0,0.0,0.0,0.2,68.42,52.97,275.32,31.0,26.0,1.0,4.0,0.0,2.0,0.0,0.0,2.0,0.0,0.0,86.0,,0.0,2.0,6.0,19.0,6.0,0.0,,3.0,0.0,0.0,3.0,0.67,42.0,8.0,4.0,0.13,1.0,0.0,0.05,1.71
5503,Lionel Andrés Messi Cuccittini,4,70303,217,Barcelona,2014/2015,2025-12-13T18:47:36.785230,54,60.0,362.3,24.34,2.0,62.0,0.81,19.0,35.0,1.0,0.21,18.0,15.0,342.2,13.0,8.0,0.0,13.0,11.0,0.98,8.0,9.0,0.0,0.0,0.0,1.0,0.0,1.0,0.0,0.0,0.12,80.18,61.28,178.14,25.0,90.0,0.98,15.0,0.0,11.0,0.0,3.0,5.0,1.0,2.0,154.0,,0.0,0.0,6.0,16.0,9.0,1.0,0.25,0.0,0.0,0.0,0.0,,78.0,7.0,18.0,0.1,0.98,5.0,0.05,2.49
